Id; Nombre; Cluster;Nro. Puntos; GroundTruth1; GroundTruth1
0;D:\DataSet_Laboratory\people2\1\aprimeros500\2017-04-24_14-19-53~14-20-00_0.trk;155;23;0;0
1;D:\DataSet_Laboratory\people2\1\aprimeros500\2017-04-24_14-19-53~14-20-00_1.trk;10;15;1;0
2;D:\DataSet_Laboratory\people2\1\aprimeros500\2017-04-24_14-20-00~14-20-38_0.trk;54;73;3;3
3;D:\DataSet_Laboratory\people2\1\aprimeros500\2017-04-24_14-20-00~14-20-38_1.trk;3;25;2;2
4;D:\DataSet_Laboratory\people2\1\aprimeros500\2017-04-24_14-33-47~14-35-01_0.trk;32;54;5;5
5;D:\DataSet_Laboratory\people2\1\aprimeros500\2017-04-24_14-33-47~14-35-01_1.trk;112;83;17;17
6;D:\DataSet_Laboratory\people2\1\aprimeros500\2017-04-24_14-33-47~14-35-01_10.trk;6;51;0;0
7;D:\DataSet_Laboratory\people2\1\aprimeros500\2017-04-24_14-33-47~14-35-01_11.trk;6;64;0;0
8;D:\DataSet_Laboratory\people2\1\aprimeros500\2017-04-24_14-33-47~14-35-01_13.trk;109;14;1;0
9;D:\DataSet_Laboratory\people2\1\aprimeros500\2017-04-24_14-33-47~14-35-01_2.trk;118;104;7;7
10;D:\DataSet_Laboratory\people2\1\aprimeros500\2017-04-24_14-33-47~14-35-01_3.trk;1;82;7;15
11;D:\DataSet_Laboratory\people2\1\aprimeros500\2017-04-24_14-33-47~14-35-01_4.trk;11;27;4;4
12;D:\DataSet_Laboratory\people2\1\aprimeros500\2017-04-24_14-33-47~14-35-01_5.trk;72;20;5;5
13;D:\DataSet_Laboratory\people2\1\aprimeros500\2017-04-24_14-33-47~14-35-01_6.trk;10;20;1;1
14;D:\DataSet_Laboratory\people2\1\aprimeros500\2017-04-24_14-33-47~14-35-01_8.trk;6;24;0;0
15;D:\DataSet_Laboratory\people2\1\aprimeros500\2017-04-24_14-33-47~14-35-01_9.trk;6;14;0;0
16;D:\DataSet_Laboratory\people2\1\aprimeros500\2017-04-24_14-39-15~14-40-00_3.trk;16;52;18;18
17;D:\DataSet_Laboratory\people2\1\aprimeros500\2017-04-24_14-39-15~14-40-00_4.trk;196;73;3;3
18;D:\DataSet_Laboratory\people2\1\aprimeros500\2017-04-24_14-39-15~14-40-00_5.trk;105;50;3;6
19;D:\DataSet_Laboratory\people2\1\aprimeros500\2017-04-24_14-41-18~14-43-12_1.trk;21;65;3;6
20;D:\DataSet_Laboratory\people2\1\aprimeros500\2017-04-24_14-41-18~14-43-12_2.trk;229;17;2;2
21;D:\DataSet_Laboratory\people2\1\aprimeros500\2017-04-24_14-41-18~14-43-12_3.trk;21;69;3;3
22;D:\DataSet_Laboratory\people2\1\aprimeros500\2017-04-24_14-41-18~14-43-12_4.trk;3;15;2;2
23;D:\DataSet_Laboratory\people2\1\aprimeros500\2017-04-24_14-43-50~14-44-24_0.trk;247;11;0;0
24;D:\DataSet_Laboratory\people2\1\aprimeros500\2017-04-24_14-43-50~14-44-24_1.trk;63;105;3;3
25;D:\DataSet_Laboratory\people2\1\aprimeros500\2017-04-24_15-05-39~15-06-18_0.trk;63;53;3;3
26;D:\DataSet_Laboratory\people2\1\aprimeros500\2017-04-24_15-05-39~15-06-18_1.trk;99;16;17;16
27;D:\DataSet_Laboratory\people2\1\aprimeros500\2017-04-24_15-24-30~15-24-53_0.trk;61;97;12;12
28;D:\DataSet_Laboratory\people2\1\aprimeros500\2017-04-24_15-25-15~15-25-49_0.trk;49;66;5;5
29;D:\DataSet_Laboratory\people2\1\aprimeros500\2017-04-24_15-32-19~15-33-01_0.trk;28;43;5;5
30;D:\DataSet_Laboratory\people2\1\aprimeros500\2017-04-24_15-32-19~15-33-01_1.trk;14;27;15;15
31;D:\DataSet_Laboratory\people2\1\aprimeros500\2017-04-24_15-58-41~15-59-10_0.trk;205;53;3;4
32;D:\DataSet_Laboratory\people2\1\aprimeros500\2017-04-24_16-00-06~16-00-32_0.trk;60;213;3;4
33;D:\DataSet_Laboratory\people2\1\aprimeros500\2017-04-24_16-03-53~16-04-40_1.trk;33;90;5;5
34;D:\DataSet_Laboratory\people2\1\aprimeros500\2017-04-24_16-13-05~16-13-52_0.trk;182;48;3;4
35;D:\DataSet_Laboratory\people2\1\aprimeros500\2017-04-24_16-13-05~16-13-52_2.trk;79;60;3;3
36;D:\DataSet_Laboratory\people2\1\aprimeros500\2017-04-24_16-25-05~16-25-52_2.trk;36;83;19;19
37;D:\DataSet_Laboratory\people2\1\aprimeros500\2017-04-24_16-30-33~16-31-02_0.trk;178;53;3;6
38;D:\DataSet_Laboratory\people2\1\aprimeros500\2017-04-24_16-32-49~16-33-52_0.trk;107;49;3;3
39;D:\DataSet_Laboratory\people2\1\aprimeros500\2017-04-24_16-32-49~16-33-52_1.trk;105;42;4;4
40;D:\DataSet_Laboratory\people2\1\aprimeros500\2017-04-24_16-32-49~16-33-52_2.trk;40;92;17;17
41;D:\DataSet_Laboratory\people2\1\aprimeros500\2017-04-24_16-34-17~16-34-43_0.trk;97;56;2;2
42;D:\DataSet_Laboratory\people2\1\aprimeros500\2017-04-24_16-34-17~16-34-43_1.trk;82;127;17;17
43;D:\DataSet_Laboratory\people2\1\aprimeros500\2017-04-24_16-35-02~16-35-36_0.trk;8;24;4;4
44;D:\DataSet_Laboratory\people2\1\aprimeros500\2017-04-24_16-35-02~16-35-36_1.trk;44;30;2;2
45;D:\DataSet_Laboratory\people2\1\aprimeros500\2017-04-24_16-35-02~16-35-36_2.trk;118;16;7;7
46;D:\DataSet_Laboratory\people2\1\aprimeros500\2017-04-24_16-35-02~16-35-36_3.trk;118;20;7;7
47;D:\DataSet_Laboratory\people2\1\aprimeros500\2017-04-24_16-35-02~16-35-36_4.trk;46;13;7;7
48;D:\DataSet_Laboratory\people2\1\aprimeros500\2017-04-24_16-35-02~16-35-36_5.trk;190;19;28;28
49;D:\DataSet_Laboratory\people2\1\aprimeros500\2017-04-24_16-38-30~16-39-04_0.trk;28;60;5;5
50;D:\DataSet_Laboratory\people2\1\aprimeros500\2017-04-24_16-45-45~16-46-08_0.trk;50;33;2;2
51;D:\DataSet_Laboratory\people2\1\aprimeros500\2017-04-24_16-55-26~16-56-05_0.trk;20;18;2;2
52;D:\DataSet_Laboratory\people2\1\aprimeros500\2017-04-24_16-55-26~16-56-05_2.trk;52;18;2;2
53;D:\DataSet_Laboratory\people2\1\aprimeros500\2017-04-24_16-55-26~16-56-05_3.trk;224;37;17;17
54;D:\DataSet_Laboratory\people2\1\aprimeros500\2017-04-24_16-56-38~16-57-01_0.trk;54;79;3;3
55;D:\DataSet_Laboratory\people2\1\aprimeros500\2017-04-24_17-00-54~17-01-17_0.trk;5;58;19;5
56;D:\DataSet_Laboratory\people2\1\aprimeros500\2017-04-24_17-04-35~17-05-01_2.trk;247;10;0;0
57;D:\DataSet_Laboratory\people2\1\aprimeros500\2017-04-24_17-04-35~17-05-01_3.trk;57;35;17;17
58;D:\DataSet_Laboratory\people2\1\aprimeros500\2017-04-24_17-04-35~17-05-01_5.trk;207;48;3;3
59;D:\DataSet_Laboratory\people2\1\aprimeros500\2017-04-24_17-11-21~17-11-44_0.trk;59;53;3;3
60;D:\DataSet_Laboratory\people2\1\aprimeros500\2017-04-24_17-14-09~17-14-32_0.trk;4;77;6;6
61;D:\DataSet_Laboratory\people2\1\aprimeros500\2017-04-24_17-14-09~17-14-32_1.trk;262;17;11;11
62;D:\DataSet_Laboratory\people2\1\aprimeros500\2017-04-24_17-22-06~17-22-35_0.trk;62;44;3;3
63;D:\DataSet_Laboratory\people2\1\aprimeros500\2017-04-24_17-25-15~17-25-49_1.trk;63;72;3;3
64;D:\DataSet_Laboratory\people2\1\aprimeros500\2017-04-24_17-26-43~17-27-12_0.trk;105;52;3;3
65;D:\DataSet_Laboratory\people2\1\aprimeros500\2017-04-24_17-26-43~17-27-12_1.trk;74;49;3;4
66;D:\DataSet_Laboratory\people2\1\aprimeros500\2017-04-24_17-30-51~17-31-28_0.trk;66;37;5;5
67;D:\DataSet_Laboratory\people2\1\aprimeros500\2017-04-24_17-30-51~17-31-28_1.trk;72;24;5;5
68;D:\DataSet_Laboratory\people2\1\aprimeros500\2017-04-24_17-36-46~17-37-12_0.trk;152;68;6;6
69;D:\DataSet_Laboratory\people2\1\aprimeros500\2017-04-24_18-08-41~18-10-00_0.trk;69;77;5;19
70;D:\DataSet_Laboratory\people2\1\aprimeros500\2017-04-24_18-08-41~18-10-00_1.trk;72;46;5;5
71;D:\DataSet_Laboratory\people2\1\aprimeros500\2017-04-24_18-08-41~18-10-00_2.trk;81;18;5;5
72;D:\DataSet_Laboratory\people2\1\aprimeros500\2017-04-24_18-08-41~18-10-00_4.trk;12;25;5;5
73;D:\DataSet_Laboratory\people2\1\aprimeros500\2017-04-24_18-11-55~18-12-21_0.trk;2;57;3;4
74;D:\DataSet_Laboratory\people2\1\aprimeros500\2017-04-24_18-23-18~18-23-47_0.trk;175;23;3;4
75;D:\DataSet_Laboratory\people2\1\aprimeros500\2017-04-24_18-23-18~18-23-47_1.trk;155;38;1;1
76;D:\DataSet_Laboratory\people2\1\aprimeros500\2017-04-24_18-27-45~18-28-08_0.trk;76;122;3;3
77;D:\DataSet_Laboratory\people2\1\aprimeros500\2017-04-24_18-44-33~18-44-56_0.trk;92;44;3;3
78;D:\DataSet_Laboratory\people2\1\aprimeros500\2017-04-24_18-45-02~18-45-47_0.trk;66;40;5;5
79;D:\DataSet_Laboratory\people2\1\aprimeros500\2017-04-24_18-45-02~18-45-47_1.trk;63;69;5;19
80;D:\DataSet_Laboratory\people2\1\aprimeros500\2017-04-24_19-00-54~19-01-31_0.trk;63;64;3;6
81;D:\DataSet_Laboratory\people2\1\aprimeros500\2017-04-24_19-00-54~19-01-31_1.trk;71;17;2;2
82;D:\DataSet_Laboratory\people2\1\aprimeros500\2017-04-24_19-15-53~19-16-19_0.trk;269;70;3;3
83;D:\DataSet_Laboratory\people2\1\aprimeros500\2017-04-24_19-16-35~19-17-04_0.trk;34;54;5;5
84;D:\DataSet_Laboratory\people2\1\aprimeros500\2017-04-24_19-24-38~19-25-01_0.trk;27;287;22;32
85;D:\DataSet_Laboratory\people2\1\aprimeros500\2017-04-24_19-25-18~19-26-11_0.trk;104;121;21;21
86;D:\DataSet_Laboratory\people2\1\aprimeros500\2017-04-24_19-25-18~19-26-11_1.trk;24;107;3;3
87;D:\DataSet_Laboratory\people2\1\aprimeros500\2017-04-24_19-25-18~19-26-11_2.trk;39;35;14;14
88;D:\DataSet_Laboratory\people2\1\aprimeros500\2017-04-24_19-25-18~19-26-11_3.trk;75;11;1;0
89;D:\DataSet_Laboratory\people2\1\aprimeros500\2017-04-24_19-35-15~19-35-41_0.trk;26;27;21;16
90;D:\DataSet_Laboratory\people2\1\aprimeros500\2017-04-24_19-35-15~19-35-41_1.trk;91;45;14;14
91;D:\DataSet_Laboratory\people2\1\aprimeros500\2017-04-24_20-43-50~20-44-27_0.trk;210;50;5;5
92;D:\DataSet_Laboratory\people2\1\aprimeros500\2017-04-25_08-36-43~08-37-06_0.trk;77;98;5;5
93;D:\DataSet_Laboratory\people2\1\aprimeros500\2017-04-25_08-38-17~08-39-18_0.trk;93;47;29;18
94;D:\DataSet_Laboratory\people2\1\aprimeros500\2017-04-25_08-38-17~08-39-18_2.trk;52;19;2;2
95;D:\DataSet_Laboratory\people2\1\aprimeros500\2017-04-25_08-41-29~08-41-58_1.trk;100;34;6;6
96;D:\DataSet_Laboratory\people2\1\aprimeros500\2017-04-25_08-48-35~08-48-58_0.trk;32;52;5;5
97;D:\DataSet_Laboratory\people2\1\aprimeros500\2017-04-25_08-48-35~08-48-58_1.trk;245;19;2;2
98;D:\DataSet_Laboratory\people2\1\aprimeros500\2017-04-25_08-51-05~08-51-28_0.trk;224;22;4;4
99;D:\DataSet_Laboratory\people2\1\aprimeros500\2017-04-25_08-51-05~08-51-28_1.trk;65;19;16;16
100;D:\DataSet_Laboratory\people2\1\aprimeros500\2017-04-25_08-52-41~08-53-04_0.trk;8;25;4;4
101;D:\DataSet_Laboratory\people2\1\aprimeros500\2017-04-25_09-25-29~09-25-55_0.trk;183;57;3;4
102;D:\DataSet_Laboratory\people2\1\aprimeros500\2017-04-25_09-41-55~09-42-18_0.trk;12;54;5;19
103;D:\DataSet_Laboratory\people2\1\aprimeros500\2017-04-25_10-20-54~10-21-31_0.trk;213;87;5;19
104;D:\DataSet_Laboratory\people2\1\aprimeros500\2017-04-25_10-20-54~10-21-31_1.trk;85;66;26;11
105;D:\DataSet_Laboratory\people2\1\aprimeros500\2017-04-25_10-20-54~10-21-31_2.trk;64;44;3;4
106;D:\DataSet_Laboratory\people2\1\aprimeros500\2017-04-25_10-20-54~10-21-31_3.trk;104;216;21;31
107;D:\DataSet_Laboratory\people2\1\aprimeros500\2017-04-25_10-21-32~10-21-55_0.trk;25;118;14;5
108;D:\DataSet_Laboratory\people2\1\aprimeros500\2017-04-25_10-21-32~10-21-55_1.trk;10;12;1;1
109;D:\DataSet_Laboratory\people2\1\aprimeros500\2017-04-25_10-25-45~10-26-08_0.trk;8;32;14;14
110;D:\DataSet_Laboratory\people2\1\aprimeros500\2017-04-25_10-25-45~10-26-08_1.trk;42;58;14;14
111;D:\DataSet_Laboratory\people2\1\aprimeros500\2017-04-25_10-31-21~10-31-44_0.trk;8;24;4;4
112;D:\DataSet_Laboratory\people2\1\aprimeros500\2017-04-25_11-13-21~11-13-44_0.trk;33;132;25;32
113;D:\DataSet_Laboratory\people2\1\aprimeros500\2017-04-25_11-13-21~11-13-44_1.trk;85;40;12;12
114;D:\DataSet_Laboratory\people2\1\aprimeros500\2017-04-25_11-13-21~11-13-44_2.trk;106;88;21;31
115;D:\DataSet_Laboratory\people2\1\aprimeros500\2017-04-25_11-13-21~11-13-44_5.trk;106;18;21;21
116;D:\DataSet_Laboratory\people2\1\aprimeros500\2017-04-25_11-13-48~11-14-11_0.trk;18;59;21;32
117;D:\DataSet_Laboratory\people2\1\aprimeros500\2017-04-25_11-13-48~11-14-11_1.trk;118;15;7;7
118;D:\DataSet_Laboratory\people2\1\aprimeros500\2017-04-25_11-16-57~11-17-23_0.trk;9;50;0;0
119;D:\DataSet_Laboratory\people2\1\aprimeros500\2017-04-25_11-16-57~11-17-23_10.trk;9;31;0;0
120;D:\DataSet_Laboratory\people2\1\aprimeros500\2017-04-25_11-16-57~11-17-23_12.trk;6;10;9;1
121;D:\DataSet_Laboratory\people2\1\aprimeros500\2017-04-25_11-16-57~11-17-23_15.trk;9;28;0;0
122;D:\DataSet_Laboratory\people2\1\aprimeros500\2017-04-25_11-16-57~11-17-23_16.trk;10;14;0;1
123;D:\DataSet_Laboratory\people2\1\aprimeros500\2017-04-25_11-16-57~11-17-23_17.trk;9;58;1;0
124;D:\DataSet_Laboratory\people2\1\aprimeros500\2017-04-25_11-16-57~11-17-23_18.trk;6;24;1;0
125;D:\DataSet_Laboratory\people2\1\aprimeros500\2017-04-25_11-16-57~11-17-23_2.trk;144;65;12;36
126;D:\DataSet_Laboratory\people2\1\aprimeros500\2017-04-25_11-16-57~11-17-23_5.trk;9;24;0;0
127;D:\DataSet_Laboratory\people2\1\aprimeros500\2017-04-25_11-19-13~11-19-58_0.trk;45;478;15;20
128;D:\DataSet_Laboratory\people2\1\aprimeros500\2017-04-25_11-19-13~11-19-58_1.trk;119;533;15;15
129;D:\DataSet_Laboratory\people2\1\aprimeros500\2017-04-25_11-19-13~11-19-58_10.trk;45;15;7;1
130;D:\DataSet_Laboratory\people2\1\aprimeros500\2017-04-25_11-19-13~11-19-58_2.trk;85;43;26;21
131;D:\DataSet_Laboratory\people2\1\aprimeros500\2017-04-25_11-19-13~11-19-58_7.trk;71;64;13;31
132;D:\DataSet_Laboratory\people2\1\aprimeros500\2017-04-25_11-19-13~11-19-58_8.trk;106;106;22;32
133;D:\DataSet_Laboratory\people2\1\aprimeros500\2017-04-25_11-19-13~11-19-58_9.trk;45;62;15;15
134;D:\DataSet_Laboratory\people2\1\aprimeros500\2017-04-25_11-21-13~11-21-39_0.trk;46;204;7;7
135;D:\DataSet_Laboratory\people2\1\aprimeros500\2017-04-25_11-21-13~11-21-39_1.trk;45;319;7;7
136;D:\DataSet_Laboratory\people2\1\aprimeros500\2017-04-25_11-21-13~11-21-39_2.trk;50;34;5;5
137;D:\DataSet_Laboratory\people2\1\aprimeros500\2017-04-25_11-22-36~11-22-59_0.trk;47;240;1;1
138;D:\DataSet_Laboratory\people2\1\aprimeros500\2017-04-25_11-22-36~11-22-59_1.trk;74;32;4;4
139;D:\DataSet_Laboratory\people2\1\aprimeros500\2017-04-25_11-22-36~11-22-59_2.trk;6;13;1;1
140;D:\DataSet_Laboratory\people2\1\aprimeros500\2017-04-25_11-22-36~11-22-59_3.trk;6;53;1;1
141;D:\DataSet_Laboratory\people2\1\aprimeros500\2017-04-25_11-25-00~11-25-05_0.trk;45;64;0;0
142;D:\DataSet_Laboratory\people2\1\aprimeros500\2017-04-25_11-25-13~11-26-06_0.trk;47;95;1;1
143;D:\DataSet_Laboratory\people2\1\aprimeros500\2017-04-25_11-25-13~11-26-06_1.trk;7;301;15;15
144;D:\DataSet_Laboratory\people2\1\aprimeros500\2017-04-25_11-25-13~11-26-06_10.trk;48;16;28;26
145;D:\DataSet_Laboratory\people2\1\aprimeros500\2017-04-25_11-25-13~11-26-06_11.trk;175;61;3;3
146;D:\DataSet_Laboratory\people2\1\aprimeros500\2017-04-25_11-25-13~11-26-06_13.trk;34;53;5;19
147;D:\DataSet_Laboratory\people2\1\aprimeros500\2017-04-25_11-25-13~11-26-06_3.trk;46;11;7;15
148;D:\DataSet_Laboratory\people2\1\aprimeros500\2017-04-25_11-25-13~11-26-06_4.trk;46;12;7;7
149;D:\DataSet_Laboratory\people2\1\aprimeros500\2017-04-25_11-25-13~11-26-06_5.trk;46;17;7;7
150;D:\DataSet_Laboratory\people2\1\aprimeros500\2017-04-25_11-25-13~11-26-06_6.trk;46;11;1;7
151;D:\DataSet_Laboratory\people2\1\aprimeros500\2017-04-25_11-25-13~11-26-06_8.trk;71;121;3;3
152;D:\DataSet_Laboratory\people2\1\aprimeros500\2017-04-25_11-25-13~11-26-06_9.trk;19;70;3;3
153;D:\DataSet_Laboratory\people2\1\aprimeros500\2017-04-25_11-56-11~11-57-36_1.trk;100;45;16;16
154;D:\DataSet_Laboratory\people2\1\aprimeros500\2017-04-25_11-56-11~11-57-36_2.trk;304;72;5;5
155;D:\DataSet_Laboratory\people2\1\aprimeros500\2017-04-25_11-56-11~11-57-36_3.trk;0;12;9;14
156;D:\DataSet_Laboratory\people2\1\aprimeros500\2017-04-25_11-56-11~11-57-36_4.trk;71;24;5;19
157;D:\DataSet_Laboratory\people2\1\aprimeros500\2017-04-25_11-56-11~11-57-36_5.trk;95;59;4;4
158;D:\DataSet_Laboratory\people2\1\aprimeros500\2017-04-25_11-56-11~11-57-36_6.trk;54;95;3;3
159;D:\DataSet_Laboratory\people2\1\aprimeros500\2017-04-25_11-56-11~11-57-36_7.trk;4;25;26;29
160;D:\DataSet_Laboratory\people2\1\aprimeros500\2017-04-25_11-56-11~11-57-36_8.trk;28;61;5;5
161;D:\DataSet_Laboratory\people2\1\aprimeros500\2017-04-25_12-00-09~12-00-35_0.trk;47;80;7;7
162;D:\DataSet_Laboratory\people2\1\aprimeros500\2017-04-25_12-00-09~12-00-35_1.trk;112;97;5;19
163;D:\DataSet_Laboratory\people2\1\aprimeros500\2017-04-25_12-00-09~12-00-35_2.trk;47;20;7;15
164;D:\DataSet_Laboratory\people2\1\aprimeros500\2017-04-25_12-00-09~12-00-35_3.trk;47;10;7;15
165;D:\DataSet_Laboratory\people2\1\aprimeros500\2017-04-25_12-01-53~12-02-19_1.trk;196;97;24;33
166;D:\DataSet_Laboratory\people2\1\aprimeros500\2017-04-25_12-07-53~12-08-24_1.trk;36;74;3;3
167;D:\DataSet_Laboratory\people2\1\aprimeros500\2017-04-25_12-12-03~12-12-37_0.trk;171;53;4;4
168;D:\DataSet_Laboratory\people2\1\aprimeros500\2017-04-25_12-15-23~12-16-00_1.trk;196;99;3;3
169;D:\DataSet_Laboratory\people2\1\aprimeros500\2017-04-25_12-20-01~12-20-22_0.trk;43;47;6;6
170;D:\DataSet_Laboratory\people2\1\aprimeros500\2017-04-25_12-20-01~12-20-22_1.trk;152;91;3;3
171;D:\DataSet_Laboratory\people2\1\aprimeros500\2017-04-25_12-32-54~12-33-23_0.trk;183;42;3;3
172;D:\DataSet_Laboratory\people2\1\aprimeros500\2017-04-25_12-36-49~12-37-42_1.trk;172;112;3;3
173;D:\DataSet_Laboratory\people2\1\aprimeros500\2017-04-25_12-36-49~12-37-42_5.trk;543;157;21;21
174;D:\DataSet_Laboratory\people2\1\aprimeros500\2017-04-25_12-41-26~12-42-00_0.trk;104;416;15;21
175;D:\DataSet_Laboratory\people2\1\aprimeros500\2017-04-25_12-41-26~12-42-00_1.trk;26;24;26;26
176;D:\DataSet_Laboratory\people2\1\aprimeros500\2017-04-25_12-41-26~12-42-00_2.trk;125;69;17;23
177;D:\DataSet_Laboratory\people2\1\aprimeros500\2017-04-25_12-44-38~12-45-01_0.trk;269;52;3;3
178;D:\DataSet_Laboratory\people2\1\aprimeros500\2017-04-25_13-00-19~13-01-09_0.trk;31;36;12;17
179;D:\DataSet_Laboratory\people2\1\aprimeros500\2017-04-25_13-00-19~13-01-09_1.trk;37;109;12;23
180;D:\DataSet_Laboratory\people2\1\aprimeros500\2017-04-25_13-00-19~13-01-09_2.trk;69;58;3;3
181;D:\DataSet_Laboratory\people2\1\aprimeros500\2017-04-25_13-00-19~13-01-09_3.trk;74;55;4;3
182;D:\DataSet_Laboratory\people2\1\aprimeros500\2017-04-25_13-00-19~13-01-09_4.trk;209;12;15;14
183;D:\DataSet_Laboratory\people2\1\aprimeros500\2017-04-25_13-00-19~13-01-09_6.trk;167;39;3;4
184;D:\DataSet_Laboratory\people2\1\aprimeros500\2017-04-25_13-01-15~13-01-52_0.trk;252;21;2;2
185;D:\DataSet_Laboratory\people2\1\aprimeros500\2017-04-25_13-01-15~13-01-52_1.trk;44;14;2;2
186;D:\DataSet_Laboratory\people2\1\aprimeros500\2017-04-25_13-02-06~13-02-35_0.trk;92;43;6;6
187;D:\DataSet_Laboratory\people2\1\aprimeros500\2017-04-25_13-05-07~13-05-30_0.trk;40;133;12;16
188;D:\DataSet_Laboratory\people2\1\aprimeros500\2017-04-25_13-05-07~13-05-30_1.trk;50;25;2;2
189;D:\DataSet_Laboratory\people2\1\aprimeros500\2017-04-25_13-05-37~13-06-06_1.trk;189;12;12;2
190;D:\DataSet_Laboratory\people2\1\aprimeros500\2017-04-25_13-05-37~13-06-06_5.trk;48;17;12;26
191;D:\DataSet_Laboratory\people2\1\aprimeros500\2017-04-25_13-05-37~13-06-06_6.trk;155;14;1;1
192;D:\DataSet_Laboratory\people2\1\aprimeros500\2017-04-25_13-08-49~13-09-23_1.trk;21;64;3;3
193;D:\DataSet_Laboratory\people2\1\aprimeros500\2017-04-25_13-08-49~13-09-23_2.trk;44;11;2;2
194;D:\DataSet_Laboratory\people2\1\aprimeros500\2017-04-25_13-23-39~13-24-02_0.trk;194;181;12;12
195;D:\DataSet_Laboratory\people2\1\aprimeros500\2017-04-25_13-38-56~13-39-33_0.trk;104;446;21;21
196;D:\DataSet_Laboratory\people2\1\aprimeros500\2017-04-25_13-38-56~13-39-33_1.trk;207;65;4;3
197;D:\DataSet_Laboratory\people2\1\aprimeros500\2017-04-25_13-40-00~13-40-16_0.trk;61;192;12;12
198;D:\DataSet_Laboratory\people2\1\aprimeros500\2017-04-25_13-44-03~13-45-01_0.trk;23;82;3;25
199;D:\DataSet_Laboratory\people2\1\aprimeros500\2017-04-25_13-44-03~13-45-01_1.trk;17;111;5;5
200;D:\DataSet_Laboratory\people2\1\aprimeros500\2017-04-25_13-50-17~13-50-51_0.trk;102;64;5;5
201;D:\DataSet_Laboratory\people2\1\aprimeros500\2017-04-25_14-14-46~14-15-01_0.trk;102;50;5;5
202;D:\DataSet_Laboratory\people2\1\aprimeros500\2017-04-25_14-19-39~14-20-00_0.trk;5;59;3;6
203;D:\DataSet_Laboratory\people2\1\aprimeros500\2017-04-25_14-21-42~14-22-16_1.trk;81;103;5;19
204;D:\DataSet_Laboratory\people2\1\aprimeros500\2017-04-25_14-22-33~14-23-10_1.trk;59;76;3;3
205;D:\DataSet_Laboratory\people2\1\aprimeros500\2017-04-25_14-34-11~14-34-42_0.trk;62;44;3;6
206;D:\DataSet_Laboratory\people2\1\aprimeros500\2017-04-25_14-35-44~14-36-18_2.trk;107;68;3;3
207;D:\DataSet_Laboratory\people2\1\aprimeros500\2017-04-25_14-39-15~14-40-00_1.trk;17;91;5;19
208;D:\DataSet_Laboratory\people2\1\aprimeros500\2017-04-25_14-39-15~14-40-00_2.trk;189;39;12;12
209;D:\DataSet_Laboratory\people2\1\aprimeros500\2017-04-25_14-39-15~14-40-00_6.trk;83;19;21;33
210;D:\DataSet_Laboratory\people2\1\aprimeros500\2017-04-25_14-40-01~14-40-30_0.trk;91;28;15;20
211;D:\DataSet_Laboratory\people2\1\aprimeros500\2017-04-25_14-40-01~14-40-30_1.trk;66;27;5;19
212;D:\DataSet_Laboratory\people2\1\aprimeros500\2017-04-25_14-40-01~14-40-30_2.trk;146;39;25;14
213;D:\DataSet_Laboratory\people2\1\aprimeros500\2017-04-25_14-40-54~14-41-28_1.trk;159;78;19;19
214;D:\DataSet_Laboratory\people2\1\aprimeros500\2017-04-25_14-40-54~14-41-28_2.trk;144;10;26;28
215;D:\DataSet_Laboratory\people2\1\aprimeros500\2017-04-25_14-45-18~14-45-49_0.trk;104;211;16;23
216;D:\DataSet_Laboratory\people2\1\aprimeros500\2017-04-25_14-45-18~14-45-49_1.trk;59;79;3;3
217;D:\DataSet_Laboratory\people2\1\aprimeros500\2017-04-25_14-45-18~14-45-49_2.trk;65;17;16;16
218;D:\DataSet_Laboratory\people2\1\aprimeros500\2017-04-25_14-45-50~14-46-14_1.trk;105;47;3;3
219;D:\DataSet_Laboratory\people2\1\aprimeros500\2017-04-25_14-45-50~14-46-14_2.trk;209;18;15;15
220;D:\DataSet_Laboratory\people2\1\aprimeros500\2017-04-25_14-46-30~14-47-25_0.trk;88;29;0;0
221;D:\DataSet_Laboratory\people2\1\aprimeros500\2017-04-25_14-46-30~14-47-25_2.trk;56;79;25;25
222;D:\DataSet_Laboratory\people2\1\aprimeros500\2017-04-25_14-46-30~14-47-25_3.trk;88;36;14;19
223;D:\DataSet_Laboratory\people2\1\aprimeros500\2017-04-25_14-46-30~14-47-25_4.trk;224;35;3;3
224;D:\DataSet_Laboratory\people2\1\aprimeros500\2017-04-25_14-46-30~14-47-25_5.trk;227;18;16;16
225;D:\DataSet_Laboratory\people2\1\aprimeros500\2017-04-25_14-46-30~14-47-25_6.trk;53;30;4;4
226;D:\DataSet_Laboratory\people2\1\aprimeros500\2017-04-25_14-46-30~14-47-25_7.trk;89;20;4;4
227;D:\DataSet_Laboratory\people2\1\aprimeros500\2017-04-25_14-48-22~14-49-12_0.trk;53;25;4;4
228;D:\DataSet_Laboratory\people2\1\aprimeros500\2017-04-25_14-48-22~14-49-12_1.trk;89;20;4;4
229;D:\DataSet_Laboratory\people2\1\aprimeros500\2017-04-25_14-48-22~14-49-12_2.trk;22;36;5;5
230;D:\DataSet_Laboratory\people2\1\aprimeros500\2017-04-25_14-49-12~14-49-28_0.trk;53;18;4;4
231;D:\DataSet_Laboratory\people2\1\aprimeros500\2017-04-25_14-50-06~14-50-27_0.trk;168;54;4;3
232;D:\DataSet_Laboratory\people2\1\aprimeros500\2017-04-25_14-50-41~14-51-07_1.trk;52;17;2;2
233;D:\DataSet_Laboratory\people2\1\aprimeros500\2017-04-25_14-53-12~14-53-51_0.trk;42;131;14;14
234;D:\DataSet_Laboratory\people2\1\aprimeros500\2017-04-25_14-53-12~14-53-51_1.trk;125;65;26;26
235;D:\DataSet_Laboratory\people2\1\aprimeros500\2017-04-25_14-53-12~14-53-51_3.trk;4;63;6;16
236;D:\DataSet_Laboratory\people2\1\aprimeros500\2017-04-25_14-53-12~14-53-51_4.trk;44;17;2;2
237;D:\DataSet_Laboratory\people2\1\aprimeros500\2017-04-25_14-54-00~14-54-34_0.trk;72;43;5;5
238;D:\DataSet_Laboratory\people2\1\aprimeros500\2017-04-25_14-54-00~14-54-34_1.trk;29;44;5;5
239;D:\DataSet_Laboratory\people2\1\aprimeros500\2017-04-25_14-55-02~14-55-26_0.trk;90;43;21;14
240;D:\DataSet_Laboratory\people2\1\aprimeros500\2017-04-25_15-03-58~15-04-43_1.trk;91;53;17;17
241;D:\DataSet_Laboratory\people2\1\aprimeros500\2017-04-25_15-03-58~15-04-43_3.trk;96;132;25;25
242;D:\DataSet_Laboratory\people2\1\aprimeros500\2017-04-25_15-03-58~15-04-43_4.trk;48;26;28;26
243;D:\DataSet_Laboratory\people2\1\aprimeros500\2017-04-25_15-10-59~15-11-30_0.trk;205;34;3;3
244;D:\DataSet_Laboratory\people2\1\aprimeros500\2017-04-25_15-12-17~15-12-51_2.trk;63;44;3;3
245;D:\DataSet_Laboratory\people2\1\aprimeros500\2017-04-25_15-17-47~15-19-44_10.trk;232;34;5;5
246;D:\DataSet_Laboratory\people2\1\aprimeros500\2017-04-25_15-17-47~15-19-44_11.trk;1;26;15;15
247;D:\DataSet_Laboratory\people2\1\aprimeros500\2017-04-25_15-17-47~15-19-44_2.trk;75;26;15;15
248;D:\DataSet_Laboratory\people2\1\aprimeros500\2017-04-25_15-17-47~15-19-44_3.trk;81;39;5;5
249;D:\DataSet_Laboratory\people2\1\aprimeros500\2017-04-25_15-17-47~15-19-44_4.trk;249;56;5;5
250;D:\DataSet_Laboratory\people2\1\aprimeros500\2017-04-25_15-17-47~15-19-44_5.trk;152;52;15;15
251;D:\DataSet_Laboratory\people2\1\aprimeros500\2017-04-25_15-17-47~15-19-44_6.trk;17;57;5;19
252;D:\DataSet_Laboratory\people2\1\aprimeros500\2017-04-25_15-17-47~15-19-44_7.trk;50;16;2;2
253;D:\DataSet_Laboratory\people2\1\aprimeros500\2017-04-25_15-17-47~15-19-44_9.trk;209;45;4;3
254;D:\DataSet_Laboratory\people2\1\aprimeros500\2017-04-25_15-28-01~15-28-56_2.trk;32;50;5;5
255;D:\DataSet_Laboratory\people2\1\aprimeros500\2017-04-25_15-28-01~15-28-56_3.trk;213;64;3;19
256;D:\DataSet_Laboratory\people2\1\aprimeros500\2017-04-25_15-28-01~15-28-56_4.trk;189;18;12;2
257;D:\DataSet_Laboratory\people2\1\aprimeros500\2017-04-25_15-33-10~15-34-03_3.trk;166;98;5;5
258;D:\DataSet_Laboratory\people2\1\aprimeros500\2017-04-25_15-38-43~15-39-17_0.trk;101;64;3;16
259;D:\DataSet_Laboratory\people2\1\aprimeros500\2017-04-25_15-40-19~15-40-53_0.trk;300;64;3;3
260;D:\DataSet_Laboratory\people2\1\aprimeros500\2017-04-25_15-44-25~15-45-02_0.trk;260;448;14;21
261;D:\DataSet_Laboratory\people2\1\aprimeros500\2017-04-25_15-44-25~15-45-02_2.trk;81;55;5;5
262;D:\DataSet_Laboratory\people2\1\aprimeros500\2017-04-25_15-45-10~15-46-46_0.trk;61;1152;14;21
263;D:\DataSet_Laboratory\people2\1\aprimeros500\2017-04-25_15-45-10~15-46-46_1.trk;302;62;5;5
264;D:\DataSet_Laboratory\people2\1\aprimeros500\2017-04-25_15-45-10~15-46-46_3.trk;170;61;3;25
265;D:\DataSet_Laboratory\people2\1\aprimeros500\2017-04-25_15-45-10~15-46-46_4.trk;305;26;2;2
266;D:\DataSet_Laboratory\people2\1\aprimeros500\2017-04-25_15-49-10~15-49-44_0.trk;260;416;21;29
267;D:\DataSet_Laboratory\people2\1\aprimeros500\2017-04-25_15-49-10~15-49-44_2.trk;247;14;0;29
268;D:\DataSet_Laboratory\people2\1\aprimeros500\2017-04-25_15-49-10~15-49-44_3.trk;118;21;7;7
269;D:\DataSet_Laboratory\people2\1\aprimeros500\2017-04-25_15-49-10~15-49-44_4.trk;110;96;3;3
270;D:\DataSet_Laboratory\people2\1\aprimeros500\2017-04-25_15-50-30~15-51-17_0.trk;260;111;21;21
271;D:\DataSet_Laboratory\people2\1\aprimeros500\2017-04-25_15-50-30~15-51-17_1.trk;187;318;21;21
272;D:\DataSet_Laboratory\people2\1\aprimeros500\2017-04-25_15-51-45~15-52-30_0.trk;260;399;21;21
273;D:\DataSet_Laboratory\people2\1\aprimeros500\2017-04-25_15-51-45~15-52-30_1.trk;54;102;3;3
274;D:\DataSet_Laboratory\people2\1\aprimeros500\2017-04-25_15-52-33~15-52-56_1.trk;260;211;21;21
275;D:\DataSet_Laboratory\people2\1\aprimeros500\2017-04-25_15-52-59~15-53-20_0.trk;266;78;21;21
276;D:\DataSet_Laboratory\people2\1\aprimeros500\2017-04-25_15-53-21~15-53-44_0.trk;260;197;21;21
277;D:\DataSet_Laboratory\people2\1\aprimeros500\2017-04-25_15-54-27~15-54-50_0.trk;266;188;21;21
278;D:\DataSet_Laboratory\people2\1\aprimeros500\2017-04-25_15-54-27~15-54-50_1.trk;260;24;21;21
279;D:\DataSet_Laboratory\people2\1\aprimeros500\2017-04-25_15-57-07~15-57-33_0.trk;260;129;21;21
280;D:\DataSet_Laboratory\people2\1\aprimeros500\2017-04-25_15-58-38~15-59-28_0.trk;65;17;16;16
281;D:\DataSet_Laboratory\people2\1\aprimeros500\2017-04-25_15-58-38~15-59-28_1.trk;171;56;21;27
282;D:\DataSet_Laboratory\people2\1\aprimeros500\2017-04-25_15-58-38~15-59-28_4.trk;282;23;2;2
283;D:\DataSet_Laboratory\people2\1\aprimeros500\2017-04-25_15-58-38~15-59-28_6.trk;178;45;3;3
284;D:\DataSet_Laboratory\people2\1\aprimeros500\2017-04-25_16-02-06~16-02-35_0.trk;49;53;5;5
285;D:\DataSet_Laboratory\people2\1\aprimeros500\2017-04-25_16-10-51~16-11-14_1.trk;36;73;5;19
286;D:\DataSet_Laboratory\people2\1\aprimeros500\2017-04-25_16-12-54~16-13-15_0.trk;154;134;24;24
287;D:\DataSet_Laboratory\people2\1\aprimeros500\2017-04-25_16-16-33~16-17-02_1.trk;2;77;3;3
288;D:\DataSet_Laboratory\people2\1\aprimeros500\2017-04-25_16-16-33~16-17-02_2.trk;44;27;2;2
289;D:\DataSet_Laboratory\people2\1\aprimeros500\2017-04-25_16-19-23~16-19-46_0.trk;118;12;7;7
290;D:\DataSet_Laboratory\people2\1\aprimeros500\2017-04-25_16-19-23~16-19-46_1.trk;6;16;1;1
291;D:\DataSet_Laboratory\people2\1\aprimeros500\2017-04-25_16-21-02~16-21-31_0.trk;117;100;5;5
292;D:\DataSet_Laboratory\people2\1\aprimeros500\2017-04-25_16-21-02~16-21-31_2.trk;14;278;15;20
293;D:\DataSet_Laboratory\people2\1\aprimeros500\2017-04-25_16-21-02~16-21-31_3.trk;118;13;7;7
294;D:\DataSet_Laboratory\people2\1\aprimeros500\2017-04-25_16-23-26~16-25-01_0.trk;41;238;17;17
295;D:\DataSet_Laboratory\people2\1\aprimeros500\2017-04-25_16-23-26~16-25-01_3.trk;48;123;12;12
296;D:\DataSet_Laboratory\people2\1\aprimeros500\2017-04-25_16-23-26~16-25-01_4.trk;144;10;16;26
297;D:\DataSet_Laboratory\people2\1\aprimeros500\2017-04-25_16-23-26~16-25-01_5.trk;90;43;4;3
298;D:\DataSet_Laboratory\people2\1\aprimeros500\2017-04-25_16-23-26~16-25-01_6.trk;298;85;3;3
299;D:\DataSet_Laboratory\people2\1\aprimeros500\2017-04-25_16-23-26~16-25-01_7.trk;46;16;7;7
300;D:\DataSet_Laboratory\people2\1\aprimeros500\2017-04-25_16-23-26~16-25-01_8.trk;205;46;3;3
301;D:\DataSet_Laboratory\people2\1\aprimeros500\2017-04-25_16-27-05~16-27-52_0.trk;183;69;3;25
302;D:\DataSet_Laboratory\people2\1\aprimeros500\2017-04-25_16-27-05~16-27-52_2.trk;93;32;29;18
303;D:\DataSet_Laboratory\people2\1\aprimeros500\2017-04-25_16-27-05~16-27-52_3.trk;168;54;3;3
304;D:\DataSet_Laboratory\people2\1\aprimeros500\2017-04-25_16-29-34~16-30-00_0.trk;286;136;3;3
305;D:\DataSet_Laboratory\people2\1\aprimeros500\2017-04-25_16-29-34~16-30-00_1.trk;20;22;2;2
306;D:\DataSet_Laboratory\people2\1\aprimeros500\2017-04-25_16-30-01~16-30-19_0.trk;245;22;2;2
307;D:\DataSet_Laboratory\people2\1\aprimeros500\2017-04-25_16-32-19~16-32-56_0.trk;20;19;2;2
308;D:\DataSet_Laboratory\people2\1\aprimeros500\2017-04-25_16-32-19~16-32-56_1.trk;245;20;2;2
309;D:\DataSet_Laboratory\people2\1\aprimeros500\2017-04-25_16-36-43~16-37-28_0.trk;175;19;16;16
310;D:\DataSet_Laboratory\people2\1\aprimeros500\2017-04-25_16-36-43~16-37-28_1.trk;92;33;4;4
311;D:\DataSet_Laboratory\people2\1\aprimeros500\2017-04-25_16-36-43~16-37-28_3.trk;43;42;25;25
312;D:\DataSet_Laboratory\people2\1\aprimeros500\2017-04-25_16-43-45~16-44-11_0.trk;183;36;3;3
313;D:\DataSet_Laboratory\people2\1\aprimeros500\2017-04-25_16-43-45~16-44-11_1.trk;10;24;1;0
314;D:\DataSet_Laboratory\people2\1\aprimeros500\2017-04-25_16-44-11~16-44-32_0.trk;107;67;3;3
315;D:\DataSet_Laboratory\people2\1\aprimeros500\2017-04-25_16-47-58~16-48-27_2.trk;196;81;3;3
316;D:\DataSet_Laboratory\people2\1\aprimeros500\2017-04-25_16-58-43~16-59-22_0.trk;316;44;18;18
317;D:\DataSet_Laboratory\people2\1\aprimeros500\2017-04-25_16-58-43~16-59-22_1.trk;79;62;3;3
318;D:\DataSet_Laboratory\people2\1\aprimeros500\2017-04-25_17-04-09~17-04-40_0.trk;175;46;3;3
319;D:\DataSet_Laboratory\people2\1\aprimeros500\2017-04-25_17-04-09~17-04-40_1.trk;183;59;3;3
320;D:\DataSet_Laboratory\people2\1\aprimeros500\2017-04-25_17-04-54~17-05-01_0.trk;88;33;20;20
321;D:\DataSet_Laboratory\people2\1\aprimeros500\2017-04-25_17-17-23~17-17-52_0.trk;118;17;7;7
322;D:\DataSet_Laboratory\people2\1\aprimeros500\2017-04-25_17-17-23~17-17-52_1.trk;78;35;5;5
323;D:\DataSet_Laboratory\people2\1\aprimeros500\2017-04-25_17-17-23~17-17-52_3.trk;136;10;22;22
324;D:\DataSet_Laboratory\people2\1\aprimeros500\2017-04-25_17-18-43~17-19-17_1.trk;72;55;5;5
325;D:\DataSet_Laboratory\people2\1\aprimeros500\2017-04-25_17-27-45~17-28-24_0.trk;10;72;7;15
326;D:\DataSet_Laboratory\people2\1\aprimeros500\2017-04-25_17-27-45~17-28-24_1.trk;176;129;6;6
327;D:\DataSet_Laboratory\people2\1\aprimeros500\2017-04-25_17-27-45~17-28-24_3.trk;60;114;3;25
328;D:\DataSet_Laboratory\people2\1\aprimeros500\2017-04-25_17-27-45~17-28-24_4.trk;44;19;2;2
329;D:\DataSet_Laboratory\people2\1\aprimeros500\2017-04-25_17-36-38~17-37-23_0.trk;29;62;5;5
330;D:\DataSet_Laboratory\people2\1\aprimeros500\2017-04-25_17-48-27~17-48-56_0.trk;29;64;5;5
331;D:\DataSet_Laboratory\people2\1\aprimeros500\2017-04-25_17-50-01~17-50-22_0.trk;39;47;4;3
332;D:\DataSet_Laboratory\people2\1\aprimeros500\2017-04-25_17-52-57~17-53-28_0.trk;167;36;4;3
333;D:\DataSet_Laboratory\people2\1\aprimeros500\2017-04-25_17-52-57~17-53-28_1.trk;10;16;1;1
334;D:\DataSet_Laboratory\people2\1\aprimeros500\2017-04-25_18-03-02~18-03-52_1.trk;230;159;18;18
335;D:\DataSet_Laboratory\people2\1\aprimeros500\2017-04-25_18-03-02~18-03-52_3.trk;109;167;5;19
336;D:\DataSet_Laboratory\people2\1\aprimeros500\2017-04-25_18-05-02~18-05-31_0.trk;107;63;3;3
337;D:\DataSet_Laboratory\people2\1\aprimeros500\2017-04-25_18-05-31~18-05-58_0.trk;58;43;10;12
338;D:\DataSet_Laboratory\people2\1\aprimeros500\2017-04-25_18-05-31~18-05-58_1.trk;252;15;2;2
339;D:\DataSet_Laboratory\people2\1\aprimeros500\2017-04-25_18-13-34~18-14-00_0.trk;243;45;4;3
340;D:\DataSet_Laboratory\people2\1\aprimeros500\2017-04-25_18-25-02~18-25-23_1.trk;52;20;2;2
341;D:\DataSet_Laboratory\people2\1\aprimeros500\2017-04-25_18-30-54~18-31-17_0.trk;95;33;16;16
342;D:\DataSet_Laboratory\people2\1\aprimeros500\2017-04-25_18-30-54~18-31-17_1.trk;74;35;16;16
343;D:\DataSet_Laboratory\people2\1\aprimeros500\2017-04-25_18-35-05~18-35-36_0.trk;168;51;3;3
344;D:\DataSet_Laboratory\people2\1\aprimeros500\2017-04-25_18-36-19~18-37-04_2.trk;184;27;5;19
345;D:\DataSet_Laboratory\people2\1\aprimeros500\2017-04-25_18-36-19~18-37-04_4.trk;90;35;27;27
346;D:\DataSet_Laboratory\people2\1\aprimeros500\2017-04-25_18-47-34~18-47-57_0.trk;252;15;2;2
347;D:\DataSet_Laboratory\people2\1\aprimeros500\2017-04-25_18-48-25~18-48-59_0.trk;304;103;5;5
348;D:\DataSet_Laboratory\people2\1\aprimeros500\2017-04-25_18-48-25~18-48-59_1.trk;36;153;3;3
349;D:\DataSet_Laboratory\people2\1\aprimeros500\2017-04-25_18-51-13~18-51-47_0.trk;64;44;4;4
350;D:\DataSet_Laboratory\people2\1\aprimeros500\2017-04-25_18-53-37~18-54-03_1.trk;136;12;2;2
351;D:\DataSet_Laboratory\people2\1\aprimeros500\2017-04-25_18-54-38~18-55-01_0.trk;100;37;6;16
352;D:\DataSet_Laboratory\people2\1\aprimeros500\2017-04-25_18-54-38~18-55-01_1.trk;78;39;5;5
353;D:\DataSet_Laboratory\people2\1\aprimeros500\2017-04-25_18-54-38~18-55-01_2.trk;67;40;5;5
354;D:\DataSet_Laboratory\people2\1\aprimeros500\2017-04-25_19-00-01~19-00-27_1.trk;194;65;12;12
355;D:\DataSet_Laboratory\people2\1\aprimeros500\2017-04-25_19-00-01~19-00-27_2.trk;188;13;2;2
356;D:\DataSet_Laboratory\people2\1\aprimeros500\2017-04-25_19-11-23~19-11-57_0.trk;54;55;3;3
357;D:\DataSet_Laboratory\people2\1\aprimeros500\2017-04-25_19-11-58~19-12-24_0.trk;44;11;2;2
358;D:\DataSet_Laboratory\people2\1\aprimeros500\2017-04-25_19-12-25~19-13-07_1.trk;72;30;5;5
359;D:\DataSet_Laboratory\people2\1\aprimeros500\2017-04-25_19-12-25~19-13-07_3.trk;49;38;5;5
360;D:\DataSet_Laboratory\people2\1\aprimeros500\2017-04-25_19-24-49~19-25-02_0.trk;44;18;2;2
361;D:\DataSet_Laboratory\people2\1\aprimeros500\2017-04-25_19-24-49~19-25-02_1.trk;44;23;2;2
362;D:\DataSet_Laboratory\people2\1\aprimeros500\2017-04-25_19-34-17~19-34-40_1.trk;44;18;2;2
363;D:\DataSet_Laboratory\people2\1\aprimeros500\2017-04-25_19-35-34~19-36-08_0.trk;152;57;5;5
364;D:\DataSet_Laboratory\people2\1\aprimeros500\2017-04-25_19-36-09~19-36-35_0.trk;29;49;5;5
365;D:\DataSet_Laboratory\people2\1\aprimeros500\2017-04-25_19-37-45~19-38-14_0.trk;12;42;5;5
366;D:\DataSet_Laboratory\people2\1\aprimeros500\2017-04-25_19-37-45~19-38-14_1.trk;10;10;0;1
367;D:\DataSet_Laboratory\people2\1\aprimeros500\2017-04-25_19-42-03~19-42-34_0.trk;36;109;5;5
368;D:\DataSet_Laboratory\people2\1\aprimeros500\2017-04-25_19-42-03~19-42-34_1.trk;75;270;21;1
369;D:\DataSet_Laboratory\people2\1\aprimeros500\2017-04-25_19-42-03~19-42-34_2.trk;207;191;21;1
370;D:\DataSet_Laboratory\people2\1\aprimeros500\2017-04-25_19-42-51~19-43-22_0.trk;90;119;5;5
371;D:\DataSet_Laboratory\people2\1\aprimeros500\2017-04-25_19-42-51~19-43-22_2.trk;88;28;1;1
372;D:\DataSet_Laboratory\people2\1\aprimeros500\2017-04-25_19-46-11~19-47-46_0.trk;63;53;3;3
373;D:\DataSet_Laboratory\people2\1\aprimeros500\2017-04-25_19-46-11~19-47-46_1.trk;36;69;3;3
374;D:\DataSet_Laboratory\people2\1\aprimeros500\2017-04-25_19-46-11~19-47-46_2.trk;380;21;2;2
375;D:\DataSet_Laboratory\people2\1\aprimeros500\2017-04-25_19-46-11~19-47-46_3.trk;245;23;2;2
376;D:\DataSet_Laboratory\people2\1\aprimeros500\2017-04-25_20-25-37~20-26-00_0.trk;44;12;2;2
377;D:\DataSet_Laboratory\people2\1\aprimeros500\2017-04-25_20-26-43~20-27-17_0.trk;93;26;2;2
378;D:\DataSet_Laboratory\people2\1\aprimeros500\2017-04-25_20-26-43~20-27-17_2.trk;252;14;2;2
379;D:\DataSet_Laboratory\people2\1\aprimeros500\2017-04-25_20-27-21~20-27-44_0.trk;44;14;2;2
380;D:\DataSet_Laboratory\people2\1\aprimeros500\2017-04-25_21-01-05~21-02-11_0.trk;51;24;2;2
381;D:\DataSet_Laboratory\people2\1\aprimeros500\2017-04-25_21-01-05~21-02-11_2.trk;52;15;2;2
382;D:\DataSet_Laboratory\people2\1\aprimeros500\2017-04-25_21-01-05~21-02-11_3.trk;165;50;3;6
383;D:\DataSet_Laboratory\people2\1\aprimeros500\2017-04-25_21-01-05~21-02-11_4.trk;188;11;2;2
384;D:\DataSet_Laboratory\people2\1\aprimeros500\2017-04-25_21-17-18~21-17-47_0.trk;64;42;4;3
385;D:\DataSet_Laboratory\people2\1\aprimeros500\2017-04-25_21-20-54~21-21-25_0.trk;168;47;3;3
386;D:\DataSet_Laboratory\people2\1\aprimeros500\2017-04-25_21-34-46~21-35-01_0.trk;78;36;5;5
387;D:\DataSet_Laboratory\people2\1\aprimeros500\2017-04-25_21-34-46~21-35-01_1.trk;35;65;5;5
388;D:\DataSet_Laboratory\people2\1\aprimeros500\2017-04-25_21-42-35~21-43-14_0.trk;52;23;2;2
389;D:\DataSet_Laboratory\people2\1\aprimeros500\2017-04-25_21-42-35~21-43-14_1.trk;20;24;2;2
390;D:\DataSet_Laboratory\people2\1\aprimeros500\2017-04-25_21-42-35~21-43-14_2.trk;252;12;2;2
391;D:\DataSet_Laboratory\people2\1\aprimeros500\2017-04-25_21-43-18~21-44-56_0.trk;213;144;17;17
392;D:\DataSet_Laboratory\people2\1\aprimeros500\2017-04-25_21-43-18~21-44-56_3.trk;44;10;2;2
393;D:\DataSet_Laboratory\people2\1\aprimeros500\2017-04-25_21-43-18~21-44-56_4.trk;131;81;18;18
394;D:\DataSet_Laboratory\people2\1\aprimeros500\2017-04-25_21-43-18~21-44-56_5.trk;38;99;3;3
395;D:\DataSet_Laboratory\people2\1\aprimeros500\2017-04-25_21-43-18~21-44-56_6.trk;102;38;5;5
396;D:\DataSet_Laboratory\people2\1\aprimeros500\2017-04-26_08-07-52~08-08-21_0.trk;79;99;3;25
397;D:\DataSet_Laboratory\people2\1\aprimeros500\2017-04-26_08-09-26~08-09-49_0.trk;339;68;3;3
398;D:\DataSet_Laboratory\people2\1\aprimeros500\2017-04-26_09-01-07~09-01-38_0.trk;63;53;3;3
399;D:\DataSet_Laboratory\people2\1\aprimeros500\2017-04-26_09-07-20~09-08-05_1.trk;79;51;3;3
400;D:\DataSet_Laboratory\people2\1\aprimeros500\2017-04-26_09-07-20~09-08-05_2.trk;13;70;3;25
401;D:\DataSet_Laboratory\people2\1\aprimeros500\2017-04-26_09-09-39~09-10-00_0.trk;119;14;7;7
402;D:\DataSet_Laboratory\people2\1\aprimeros500\2017-04-26_09-11-23~09-11-46_0.trk;21;89;6;6
403;D:\DataSet_Laboratory\people2\1\aprimeros500\2017-04-26_09-12-30~09-13-01_0.trk;95;31;3;6
404;D:\DataSet_Laboratory\people2\1\aprimeros500\2017-04-26_09-12-30~09-13-01_1.trk;119;12;7;7
405;D:\DataSet_Laboratory\people2\1\aprimeros500\2017-04-26_09-12-30~09-13-01_2.trk;119;14;7;7
406;D:\DataSet_Laboratory\people2\1\aprimeros500\2017-04-26_09-50-56~09-51-12_0.trk;52;18;2;2
407;D:\DataSet_Laboratory\people2\1\aprimeros500\2017-04-26_09-57-55~09-58-45_0.trk;155;34;0;0
408;D:\DataSet_Laboratory\people2\1\aprimeros500\2017-04-26_09-57-55~09-58-45_1.trk;63;56;3;3
409;D:\DataSet_Laboratory\people2\1\aprimeros500\2017-04-26_09-57-55~09-58-45_2.trk;266;76;21;21
410;D:\DataSet_Laboratory\people2\1\aprimeros500\2017-04-26_09-57-55~09-58-45_3.trk;138;59;3;25
411;D:\DataSet_Laboratory\people2\1\aprimeros500\2017-04-26_09-57-55~09-58-45_4.trk;61;203;21;21
412;D:\DataSet_Laboratory\people2\1\aprimeros500\2017-04-26_09-59-02~09-59-25_0.trk;266;288;20;9
413;D:\DataSet_Laboratory\people2\1\aprimeros500\2017-04-26_09-59-42~10-00-00_0.trk;61;130;20;21
414;D:\DataSet_Laboratory\people2\1\aprimeros500\2017-04-26_10-00-00~10-00-08_0.trk;61;96;0;29
415;D:\DataSet_Laboratory\people2\1\aprimeros500\2017-04-26_10-00-19~10-00-40_0.trk;61;80;21;21
416;D:\DataSet_Laboratory\people2\1\aprimeros500\2017-04-26_10-02-24~10-02-53_1.trk;63;56;3;3
417;D:\DataSet_Laboratory\people2\1\aprimeros500\2017-04-26_10-03-47~10-04-10_0.trk;155;13;0;0
418;D:\DataSet_Laboratory\people2\1\aprimeros500\2017-04-26_10-03-47~10-04-10_2.trk;100;42;4;4
419;D:\DataSet_Laboratory\people2\1\aprimeros500\2017-04-26_10-04-27~10-05-01_0.trk;354;320;10;12
420;D:\DataSet_Laboratory\people2\1\aprimeros500\2017-04-26_10-05-02~10-05-07_0.trk;166;64;20;13
421;D:\DataSet_Laboratory\people2\1\aprimeros500\2017-04-26_10-08-30~10-09-01_0.trk;339;40;3;3
422;D:\DataSet_Laboratory\people2\1\aprimeros500\2017-04-26_10-20-06~10-20-32_1.trk;168;59;3;3
423;D:\DataSet_Laboratory\people2\1\aprimeros500\2017-04-26_10-23-20~10-23-51_0.trk;155;10;0;0
424;D:\DataSet_Laboratory\people2\1\aprimeros500\2017-04-26_10-23-20~10-23-51_1.trk;100;29;4;4
425;D:\DataSet_Laboratory\people2\1\aprimeros500\2017-04-26_10-23-20~10-23-51_2.trk;87;29;3;4
426;D:\DataSet_Laboratory\people2\1\aprimeros500\2017-04-26_10-24-14~10-24-43_0.trk;69;72;3;3
427;D:\DataSet_Laboratory\people2\1\aprimeros500\2017-04-26_10-29-23~10-29-49_0.trk;171;58;3;3
428;D:\DataSet_Laboratory\people2\1\aprimeros500\2017-04-26_10-39-20~10-39-46_0.trk;88;14;1;1
429;D:\DataSet_Laboratory\people2\1\aprimeros500\2017-04-26_10-39-20~10-39-46_2.trk;155;10;0;0
430;D:\DataSet_Laboratory\people2\1\aprimeros500\2017-04-26_10-39-20~10-39-46_3.trk;79;81;3;3
431;D:\DataSet_Laboratory\people2\1\aprimeros500\2017-04-26_10-50-38~10-51-09_0.trk;62;48;3;6
432;D:\DataSet_Laboratory\people2\1\aprimeros500\2017-04-26_10-50-38~10-51-09_1.trk;46;15;7;7
433;D:\DataSet_Laboratory\people2\1\aprimeros500\2017-04-26_10-57-28~10-57-59_1.trk;155;13;0;0
434;D:\DataSet_Laboratory\people2\1\aprimeros500\2017-04-26_10-57-28~10-57-59_2.trk;79;64;3;3
435;D:\DataSet_Laboratory\people2\1\aprimeros500\2017-04-26_10-58-56~10-59-30_0.trk;339;67;3;3
436;D:\DataSet_Laboratory\people2\1\aprimeros500\2017-04-26_11-03-02~11-03-31_0.trk;78;130;3;3
437;D:\DataSet_Laboratory\people2\1\aprimeros500\2017-04-26_11-05-07~11-06-05_1.trk;78;39;5;5
438;D:\DataSet_Laboratory\people2\1\aprimeros500\2017-04-26_11-05-07~11-06-05_3.trk;49;23;5;5
439;D:\DataSet_Laboratory\people2\1\aprimeros500\2017-04-26_11-26-40~11-27-22_1.trk;68;273;17;17
440;D:\DataSet_Laboratory\people2\1\aprimeros500\2017-04-26_11-26-40~11-27-22_2.trk;10;45;9;15
441;D:\DataSet_Laboratory\people2\1\aprimeros500\2017-04-26_11-26-40~11-27-22_4.trk;98;22;3;16
442;D:\DataSet_Laboratory\people2\1\aprimeros500\2017-04-26_11-26-40~11-27-22_6.trk;106;52;21;1
443;D:\DataSet_Laboratory\people2\1\aprimeros500\2017-04-26_11-26-40~11-27-22_8.trk;106;60;12;16
444;D:\DataSet_Laboratory\people2\1\aprimeros500\2017-04-26_11-26-40~11-27-22_9.trk;113;177;12;16
445;D:\DataSet_Laboratory\people2\1\aprimeros500\2017-04-26_11-32-08~11-32-34_1.trk;79;96;3;6
446;D:\DataSet_Laboratory\people2\1\aprimeros500\2017-04-26_11-49-18~11-49-49_0.trk;171;38;3;3
447;D:\DataSet_Laboratory\people2\1\aprimeros500\2017-04-26_11-57-12~11-57-57_1.trk;146;42;21;15
448;D:\DataSet_Laboratory\people2\1\aprimeros500\2017-04-26_11-57-12~11-57-57_3.trk;113;224;3;3
449;D:\DataSet_Laboratory\people2\1\aprimeros500\2017-04-26_12-00-43~12-01-17_1.trk;172;106;3;3
450;D:\DataSet_Laboratory\people2\1\aprimeros500\2017-04-26_12-04-30~12-05-01_0.trk;32;68;5;19
451;D:\DataSet_Laboratory\people2\1\aprimeros500\2017-04-26_12-04-30~12-05-01_1.trk;221;10;0;0
452;D:\DataSet_Laboratory\people2\1\aprimeros500\2017-04-26_12-04-30~12-05-01_2.trk;230;48;4;4
453;D:\DataSet_Laboratory\people2\1\aprimeros500\2017-04-26_12-04-30~12-05-01_3.trk;207;73;3;3
454;D:\DataSet_Laboratory\people2\1\aprimeros500\2017-04-26_12-05-23~12-05-49_1.trk;66;84;3;35
455;D:\DataSet_Laboratory\people2\1\aprimeros500\2017-04-26_12-15-42~12-16-21_0.trk;54;64;3;3
456;D:\DataSet_Laboratory\people2\1\aprimeros500\2017-04-26_12-15-42~12-16-21_1.trk;14;32;20;15
457;D:\DataSet_Laboratory\people2\1\aprimeros500\2017-04-26_12-15-42~12-16-21_2.trk;114;224;20;24
458;D:\DataSet_Laboratory\people2\1\aprimeros500\2017-04-26_12-15-42~12-16-21_3.trk;91;24;14;14
459;D:\DataSet_Laboratory\people2\1\aprimeros500\2017-04-26_12-16-22~12-16-46_0.trk;75;12;1;0
460;D:\DataSet_Laboratory\people2\1\aprimeros500\2017-04-26_12-16-22~12-16-46_1.trk;125;146;20;23
461;D:\DataSet_Laboratory\people2\1\aprimeros500\2017-04-26_12-16-46~12-17-04_0.trk;60;224;21;15
462;D:\DataSet_Laboratory\people2\1\aprimeros500\2017-04-26_12-17-15~12-17-46_0.trk;270;151;5;5
463;D:\DataSet_Laboratory\people2\1\aprimeros500\2017-04-26_12-17-15~12-17-46_1.trk;48;16;28;28
464;D:\DataSet_Laboratory\people2\1\aprimeros500\2017-04-26_12-17-15~12-17-46_2.trk;87;47;6;6
465;D:\DataSet_Laboratory\people2\1\aprimeros500\2017-04-26_12-20-32~12-21-09_1.trk;79;87;3;6
466;D:\DataSet_Laboratory\people2\1\aprimeros500\2017-04-26_12-21-18~12-21-49_0.trk;39;54;4;4
467;D:\DataSet_Laboratory\people2\1\aprimeros500\2017-04-26_12-21-50~12-22-19_0.trk;62;54;3;3
468;D:\DataSet_Laboratory\people2\1\aprimeros500\2017-04-26_12-22-32~12-22-58_1.trk;78;35;5;5
469;D:\DataSet_Laboratory\people2\1\aprimeros500\2017-04-26_12-44-45~12-45-00_0.trk;339;67;3;3
470;D:\DataSet_Laboratory\people2\1\aprimeros500\2017-04-26_12-51-01~12-51-40_1.trk;304;39;5;5
471;D:\DataSet_Laboratory\people2\1\aprimeros500\2017-04-26_12-51-01~12-51-40_2.trk;119;13;7;7
472;D:\DataSet_Laboratory\people2\1\aprimeros500\2017-04-26_12-53-04~12-53-41_0.trk;224;26;4;4
473;D:\DataSet_Laboratory\people2\1\aprimeros500\2017-04-26_12-53-04~12-53-41_1.trk;74;23;4;4
474;D:\DataSet_Laboratory\people2\1\aprimeros500\2017-04-26_12-54-03~12-54-29_0.trk;252;12;2;2
475;D:\DataSet_Laboratory\people2\1\aprimeros500\2017-04-26_12-54-03~12-54-29_1.trk;11;22;4;4
476;D:\DataSet_Laboratory\people2\1\aprimeros500\2017-04-26_12-54-29~12-55-01_0.trk;249;25;5;5
477;D:\DataSet_Laboratory\people2\1\aprimeros500\2017-04-26_12-54-29~12-55-01_4.trk;49;19;5;5
478;D:\DataSet_Laboratory\people2\1\aprimeros500\2017-04-26_12-55-01~12-55-49_1.trk;107;64;3;3
479;D:\DataSet_Laboratory\people2\1\aprimeros500\2017-04-26_12-57-47~12-58-24_0.trk;155;18;0;0
480;D:\DataSet_Laboratory\people2\1\aprimeros500\2017-04-26_12-57-47~12-58-24_1.trk;170;76;5;19
481;D:\DataSet_Laboratory\people2\1\aprimeros500\2017-04-26_13-04-24~13-04-50_0.trk;252;21;2;2
482;D:\DataSet_Laboratory\people2\1\aprimeros500\2017-04-26_13-04-24~13-04-50_2.trk;53;12;12;12
483;D:\DataSet_Laboratory\people2\1\aprimeros500\2017-04-26_13-04-51~13-05-01_0.trk;3;15;2;2
484;D:\DataSet_Laboratory\people2\1\aprimeros500\2017-04-26_13-06-51~13-07-36_0.trk;171;56;3;3
485;D:\DataSet_Laboratory\people2\1\aprimeros500\2017-04-26_13-06-51~13-07-36_1.trk;305;27;2;2
486;D:\DataSet_Laboratory\people2\1\aprimeros500\2017-04-26_13-13-04~13-13-46_0.trk;3;17;2;2
487;D:\DataSet_Laboratory\people2\1\aprimeros500\2017-04-26_13-13-04~13-13-46_2.trk;62;58;3;3
488;D:\DataSet_Laboratory\people2\1\aprimeros500\2017-04-26_13-13-04~13-13-46_3.trk;245;23;2;2
489;D:\DataSet_Laboratory\people2\1\aprimeros500\2017-04-26_13-14-16~13-14-39_0.trk;189;13;2;2
490;D:\DataSet_Laboratory\people2\1\aprimeros500\2017-04-26_13-21-04~13-21-27_0.trk;50;21;2;2
491;D:\DataSet_Laboratory\people2\1\aprimeros500\2017-04-26_13-21-28~13-21-57_0.trk;69;91;3;3
492;D:\DataSet_Laboratory\people2\1\aprimeros500\2017-04-26_13-22-03~13-22-53_1.trk;229;21;2;2
493;D:\DataSet_Laboratory\people2\1\aprimeros500\2017-04-26_13-22-03~13-22-53_2.trk;72;45;5;5
494;D:\DataSet_Laboratory\people2\1\aprimeros500\2017-04-26_13-22-03~13-22-53_3.trk;72;37;5;5
495;D:\DataSet_Laboratory\people2\1\aprimeros500\2017-04-26_13-23-28~13-24-07_0.trk;91;68;5;19
496;D:\DataSet_Laboratory\people2\1\aprimeros500\2017-04-26_13-23-28~13-24-07_2.trk;66;40;5;5
497;D:\DataSet_Laboratory\people2\1\aprimeros500\2017-04-26_13-23-28~13-24-07_3.trk;194;64;5;5
498;D:\DataSet_Laboratory\people2\1\aprimeros500\2017-04-26_13-25-12~13-25-41_0.trk;152;80;3;14
499;D:\DataSet_Laboratory\people2\1\aprimeros500\2017-04-26_13-30-21~13-30-58_0.trk;155;16;0;0
500;D:\DataSet_Laboratory\people2\1\siguientes500\2017-04-26_13-30-21~13-30-58_1.trk;185;140;5;5
501;D:\DataSet_Laboratory\people2\1\siguientes500\2017-04-26_13-30-21~13-30-58_2.trk;269;84;3;3
502;D:\DataSet_Laboratory\people2\1\siguientes500\2017-04-26_13-35-33~13-36-10_0.trk;39;43;3;3
503;D:\DataSet_Laboratory\people2\1\siguientes500\2017-04-26_13-35-33~13-36-10_1.trk;189;18;2;2
504;D:\DataSet_Laboratory\people2\1\siguientes500\2017-04-26_13-36-59~13-37-41_0.trk;107;75;3;3
505;D:\DataSet_Laboratory\people2\1\siguientes500\2017-04-26_13-39-20~13-39-51_0.trk;205;55;4;4
506;D:\DataSet_Laboratory\people2\1\siguientes500\2017-04-26_13-45-17~13-46-07_0.trk;59;71;3;3
507;D:\DataSet_Laboratory\people2\1\siguientes500\2017-04-26_13-45-17~13-46-07_1.trk;188;14;2;2
508;D:\DataSet_Laboratory\people2\1\siguientes500\2017-04-26_13-45-17~13-46-07_2.trk;189;18;2;2
509;D:\DataSet_Laboratory\people2\1\siguientes500\2017-04-26_13-45-17~13-46-07_3.trk;11;49;4;16
510;D:\DataSet_Laboratory\people2\1\siguientes500\2017-04-26_13-52-35~13-53-33_1.trk;265;80;5;5
511;D:\DataSet_Laboratory\people2\1\siguientes500\2017-04-26_13-52-35~13-53-33_2.trk;33;112;5;5
512;D:\DataSet_Laboratory\people2\1\siguientes500\2017-04-26_14-00-29~14-01-14_0.trk;155;30;1;1
513;D:\DataSet_Laboratory\people2\1\siguientes500\2017-04-26_14-00-29~14-01-14_1.trk;80;110;17;17
514;D:\DataSet_Laboratory\people2\1\siguientes500\2017-04-26_14-00-29~14-01-14_3.trk;4;51;3;25
515;D:\DataSet_Laboratory\people2\1\siguientes500\2017-04-26_14-00-29~14-01-14_4.trk;75;15;0;0
516;D:\DataSet_Laboratory\people2\1\siguientes500\2017-04-26_14-00-29~14-01-14_5.trk;96;18;19;36
517;D:\DataSet_Laboratory\people2\1\siguientes500\2017-04-26_14-02-27~14-02-56_0.trk;71;29;5;19
518;D:\DataSet_Laboratory\people2\1\siguientes500\2017-04-26_14-02-27~14-02-56_1.trk;118;14;7;30
519;D:\DataSet_Laboratory\people2\1\siguientes500\2017-04-26_14-02-27~14-02-56_2.trk;188;41;12;12
520;D:\DataSet_Laboratory\people2\1\siguientes500\2017-04-26_14-13-33~14-14-18_0.trk;67;40;5;5
521;D:\DataSet_Laboratory\people2\1\siguientes500\2017-04-26_14-13-33~14-14-18_1.trk;146;52;3;25
522;D:\DataSet_Laboratory\people2\1\siguientes500\2017-04-26_14-17-23~14-17-54_1.trk;170;110;3;6
523;D:\DataSet_Laboratory\people2\1\siguientes500\2017-04-26_14-17-23~14-17-54_2.trk;119;15;7;7
524;D:\DataSet_Laboratory\people2\1\siguientes500\2017-04-26_14-20-00~14-20-35_0.trk;107;82;3;3
525;D:\DataSet_Laboratory\people2\1\siguientes500\2017-04-26_14-26-59~14-28-40_1.trk;53;42;17;17
526;D:\DataSet_Laboratory\people2\1\siguientes500\2017-04-26_14-26-59~14-28-40_2.trk;196;116;3;6
527;D:\DataSet_Laboratory\people2\1\siguientes500\2017-04-26_14-26-59~14-28-40_4.trk;247;13;0;0
528;D:\DataSet_Laboratory\people2\1\siguientes500\2017-04-26_14-26-59~14-28-40_5.trk;172;77;5;5
529;D:\DataSet_Laboratory\people2\1\siguientes500\2017-04-26_14-26-59~14-28-40_6.trk;224;25;3;3
530;D:\DataSet_Laboratory\people2\1\siguientes500\2017-04-26_14-26-59~14-28-40_7.trk;171;47;3;3
531;D:\DataSet_Laboratory\people2\1\siguientes500\2017-04-26_14-26-59~14-28-40_9.trk;39;55;3;6
532;D:\DataSet_Laboratory\people2\1\siguientes500\2017-04-26_14-28-59~14-29-30_0.trk;179;83;3;23
533;D:\DataSet_Laboratory\people2\1\siguientes500\2017-04-26_14-33-47~14-34-26_0.trk;247;19;0;0
534;D:\DataSet_Laboratory\people2\1\siguientes500\2017-04-26_14-33-47~14-34-26_2.trk;131;56;18;18
535;D:\DataSet_Laboratory\people2\1\siguientes500\2017-04-26_14-33-47~14-34-26_3.trk;207;95;5;19
536;D:\DataSet_Laboratory\people2\1\siguientes500\2017-04-26_14-33-47~14-34-26_4.trk;199;228;26;31
537;D:\DataSet_Laboratory\people2\1\siguientes500\2017-04-26_14-35-12~14-36-23_0.trk;263;858;13;13
538;D:\DataSet_Laboratory\people2\1\siguientes500\2017-04-26_14-35-12~14-36-23_2.trk;86;192;5;5
539;D:\DataSet_Laboratory\people2\1\siguientes500\2017-04-26_14-36-37~14-37-16_0.trk;96;54;26;26
540;D:\DataSet_Laboratory\people2\1\siguientes500\2017-04-26_14-36-37~14-37-16_1.trk;245;22;2;2
541;D:\DataSet_Laboratory\people2\1\siguientes500\2017-04-26_14-36-37~14-37-16_2.trk;229;23;2;2
542;D:\DataSet_Laboratory\people2\1\siguientes500\2017-04-26_14-38-16~14-38-50_1.trk;194;134;3;3
543;D:\DataSet_Laboratory\people2\1\siguientes500\2017-04-26_14-40-11~14-40-45_0.trk;173;86;3;3
544;D:\DataSet_Laboratory\people2\1\siguientes500\2017-04-26_14-42-37~14-43-14_0.trk;39;52;3;3
545;D:\DataSet_Laboratory\people2\1\siguientes500\2017-04-26_14-45-04~14-45-33_3.trk;235;74;3;25
546;D:\DataSet_Laboratory\people2\1\siguientes500\2017-04-26_14-47-52~14-48-29_0.trk;102;47;5;5
547;D:\DataSet_Laboratory\people2\1\siguientes500\2017-04-26_14-48-29~14-49-04_0.trk;158;71;3;3
548;D:\DataSet_Laboratory\people2\1\siguientes500\2017-04-26_14-54-40~14-55-01_0.trk;183;45;3;3
549;D:\DataSet_Laboratory\people2\1\siguientes500\2017-04-26_14-54-40~14-55-01_1.trk;74;40;3;25
550;D:\DataSet_Laboratory\people2\1\siguientes500\2017-04-26_14-54-40~14-55-01_3.trk;146;43;3;23
551;D:\DataSet_Laboratory\people2\1\siguientes500\2017-04-26_14-56-00~14-57-33_0.trk;42;128;3;3
552;D:\DataSet_Laboratory\people2\1\siguientes500\2017-04-26_14-56-00~14-57-33_2.trk;193;36;2;2
553;D:\DataSet_Laboratory\people2\1\siguientes500\2017-04-26_14-56-00~14-57-33_3.trk;245;21;2;2
554;D:\DataSet_Laboratory\people2\1\siguientes500\2017-04-26_14-56-00~14-57-33_4.trk;68;140;2;2
555;D:\DataSet_Laboratory\people2\1\siguientes500\2017-04-26_14-56-00~14-57-33_5.trk;307;18;2;2
556;D:\DataSet_Laboratory\people2\1\siguientes500\2017-04-26_14-56-00~14-57-33_7.trk;33;179;3;25
557;D:\DataSet_Laboratory\people2\1\siguientes500\2017-04-26_14-58-27~14-59-09_0.trk;155;29;0;0
558;D:\DataSet_Laboratory\people2\1\siguientes500\2017-04-26_14-58-27~14-59-09_1.trk;92;48;3;3
559;D:\DataSet_Laboratory\people2\1\siguientes500\2017-04-26_14-58-27~14-59-09_2.trk;10;11;1;1
560;D:\DataSet_Laboratory\people2\1\siguientes500\2017-04-26_14-58-27~14-59-09_3.trk;21;76;3;3
561;D:\DataSet_Laboratory\people2\1\siguientes500\2017-04-26_14-59-20~14-59-59_0.trk;182;57;4;4
562;D:\DataSet_Laboratory\people2\1\siguientes500\2017-04-26_14-59-20~14-59-59_1.trk;69;62;3;3
563;D:\DataSet_Laboratory\people2\1\siguientes500\2017-04-26_15-02-48~15-03-38_0.trk;245;32;2;2
564;D:\DataSet_Laboratory\people2\1\siguientes500\2017-04-26_15-02-48~15-03-38_1.trk;194;312;5;19
565;D:\DataSet_Laboratory\people2\1\siguientes500\2017-04-26_15-11-23~15-11-52_0.trk;74;47;3;3
566;D:\DataSet_Laboratory\people2\1\siguientes500\2017-04-26_15-16-13~15-16-47_0.trk;182;40;4;3
567;D:\DataSet_Laboratory\people2\1\siguientes500\2017-04-26_15-19-47~15-20-00_1.trk;196;43;14;14
568;D:\DataSet_Laboratory\people2\1\siguientes500\2017-04-26_15-20-00~15-20-21_0.trk;223;20;6;16
569;D:\DataSet_Laboratory\people2\1\siguientes500\2017-04-26_15-32-59~15-33-36_0.trk;54;88;5;5
570;D:\DataSet_Laboratory\people2\1\siguientes500\2017-04-26_15-32-59~15-33-36_2.trk;5;41;5;5
571;D:\DataSet_Laboratory\people2\1\siguientes500\2017-04-26_15-37-55~15-38-29_0.trk;66;169;14;32
572;D:\DataSet_Laboratory\people2\1\siguientes500\2017-04-26_15-37-55~15-38-29_3.trk;155;11;0;0
573;D:\DataSet_Laboratory\people2\1\siguientes500\2017-04-26_15-48-00~15-48-37_0.trk;155;10;0;0
574;D:\DataSet_Laboratory\people2\1\siguientes500\2017-04-26_15-48-00~15-48-37_1.trk;95;36;3;3
575;D:\DataSet_Laboratory\people2\1\siguientes500\2017-04-26_15-48-00~15-48-37_2.trk;36;90;3;3
576;D:\DataSet_Laboratory\people2\1\siguientes500\2017-04-26_15-52-40~15-53-17_0.trk;252;24;2;2
577;D:\DataSet_Laboratory\people2\1\siguientes500\2017-04-26_15-52-40~15-53-17_1.trk;173;107;14;14
578;D:\DataSet_Laboratory\people2\1\siguientes500\2017-04-26_15-52-40~15-53-17_3.trk;10;15;1;1
579;D:\DataSet_Laboratory\people2\1\siguientes500\2017-04-26_15-54-53~15-55-00_0.trk;175;18;4;4
580;D:\DataSet_Laboratory\people2\1\siguientes500\2017-04-26_15-55-17~15-55-39_0.trk;99;21;4;4
581;D:\DataSet_Laboratory\people2\1\siguientes500\2017-04-26_15-56-08~15-56-34_0.trk;224;28;4;4
582;D:\DataSet_Laboratory\people2\1\siguientes500\2017-04-26_15-56-51~15-57-14_0.trk;10;130;15;15
583;D:\DataSet_Laboratory\people2\1\siguientes500\2017-04-26_15-56-51~15-57-14_1.trk;191;93;14;14
584;D:\DataSet_Laboratory\people2\1\siguientes500\2017-04-26_15-56-51~15-57-14_3.trk;10;107;7;15
585;D:\DataSet_Laboratory\people2\1\siguientes500\2017-04-26_15-57-41~15-58-07_0.trk;88;158;7;15
586;D:\DataSet_Laboratory\people2\1\siguientes500\2017-04-26_15-57-41~15-58-07_1.trk;99;18;4;4
587;D:\DataSet_Laboratory\people2\1\siguientes500\2017-04-26_15-58-08~15-58-56_0.trk;55;124;30;24
588;D:\DataSet_Laboratory\people2\1\siguientes500\2017-04-26_15-58-08~15-58-56_1.trk;95;37;4;4
589;D:\DataSet_Laboratory\people2\1\siguientes500\2017-04-26_16-12-51~16-13-20_0.trk;78;57;5;5
590;D:\DataSet_Laboratory\people2\1\siguientes500\2017-04-26_16-12-51~16-13-20_1.trk;67;55;5;5
591;D:\DataSet_Laboratory\people2\1\siguientes500\2017-04-26_16-15-39~16-16-56_1.trk;17;87;5;5
592;D:\DataSet_Laboratory\people2\1\siguientes500\2017-04-26_16-15-39~16-16-56_2.trk;102;52;5;5
593;D:\DataSet_Laboratory\people2\1\siguientes500\2017-04-26_16-20-08~16-20-50_0.trk;88;24;0;1
594;D:\DataSet_Laboratory\people2\1\siguientes500\2017-04-26_16-20-08~16-20-50_1.trk;17;69;5;5
595;D:\DataSet_Laboratory\people2\1\siguientes500\2017-04-26_16-23-07~16-23-44_1.trk;28;50;5;5
596;D:\DataSet_Laboratory\people2\1\siguientes500\2017-04-26_16-24-16~16-24-50_1.trk;196;88;3;6
597;D:\DataSet_Laboratory\people2\1\siguientes500\2017-04-26_16-25-04~16-25-38_0.trk;205;47;3;3
598;D:\DataSet_Laboratory\people2\1\siguientes500\2017-04-26_16-26-48~16-27-27_1.trk;152;88;3;6
599;D:\DataSet_Laboratory\people2\1\siguientes500\2017-04-26_16-26-48~16-27-27_2.trk;44;16;2;2
600;D:\DataSet_Laboratory\people2\1\siguientes500\2017-04-26_16-33-07~16-33-44_0.trk;40;100;26;31
601;D:\DataSet_Laboratory\people2\1\siguientes500\2017-04-26_16-33-07~16-33-44_1.trk;49;72;5;5
602;D:\DataSet_Laboratory\people2\1\siguientes500\2017-04-26_16-34-16~16-35-01_0.trk;106;125;12;12
603;D:\DataSet_Laboratory\people2\1\siguientes500\2017-04-26_16-34-16~16-35-01_2.trk;43;61;25;25
604;D:\DataSet_Laboratory\people2\1\siguientes500\2017-04-26_16-34-16~16-35-01_3.trk;110;81;3;3
605;D:\DataSet_Laboratory\people2\1\siguientes500\2017-04-26_16-48-27~16-48-53_0.trk;380;21;2;2
606;D:\DataSet_Laboratory\people2\1\siguientes500\2017-04-26_16-48-27~16-48-53_1.trk;136;16;22;22
607;D:\DataSet_Laboratory\people2\1\siguientes500\2017-04-26_16-49-39~16-50-00_0.trk;69;115;3;3
608;D:\DataSet_Laboratory\people2\1\siguientes500\2017-04-26_16-50-03~16-50-21_0.trk;146;34;21;31
609;D:\DataSet_Laboratory\people2\1\siguientes500\2017-04-26_16-53-09~16-53-40_1.trk;304;121;17;17
610;D:\DataSet_Laboratory\people2\1\siguientes500\2017-04-26_16-53-09~16-53-40_2.trk;110;39;4;4
611;D:\DataSet_Laboratory\people2\1\siguientes500\2017-04-26_16-56-08~16-56-34_0.trk;207;72;3;3
612;D:\DataSet_Laboratory\people2\1\siguientes500\2017-04-26_17-02-19~17-03-01_0.trk;183;54;3;3
613;D:\DataSet_Laboratory\people2\1\siguientes500\2017-04-26_17-02-19~17-03-01_1.trk;229;18;2;2
614;D:\DataSet_Laboratory\people2\1\siguientes500\2017-04-26_17-02-19~17-03-01_2.trk;282;30;2;2
615;D:\DataSet_Laboratory\people2\1\siguientes500\2017-04-26_17-15-49~17-16-15_0.trk;171;38;3;3
616;D:\DataSet_Laboratory\people2\1\siguientes500\2017-04-26_17-16-27~17-16-53_1.trk;78;72;5;5
617;D:\DataSet_Laboratory\people2\1\siguientes500\2017-04-26_17-19-01~17-19-35_0.trk;63;64;3;3
618;D:\DataSet_Laboratory\people2\1\siguientes500\2017-04-26_17-21-31~17-21-57_0.trk;339;52;3;3
619;D:\DataSet_Laboratory\people2\1\siguientes500\2017-04-26_17-21-31~17-21-57_1.trk;47;16;7;7
620;D:\DataSet_Laboratory\people2\1\siguientes500\2017-04-26_17-22-08~17-22-39_0.trk;84;94;12;12
621;D:\DataSet_Laboratory\people2\1\siguientes500\2017-04-26_17-22-08~17-22-39_1.trk;187;169;21;8
622;D:\DataSet_Laboratory\people2\1\siguientes500\2017-04-26_17-36-27~17-37-38_0.trk;73;180;23;24
623;D:\DataSet_Laboratory\people2\1\siguientes500\2017-04-26_17-38-40~17-39-11_0.trk;64;30;4;4
624;D:\DataSet_Laboratory\people2\1\siguientes500\2017-04-26_17-38-40~17-39-11_1.trk;227;30;16;16
625;D:\DataSet_Laboratory\people2\1\siguientes500\2017-04-26_17-41-39~17-42-02_0.trk;171;47;3;3
626;D:\DataSet_Laboratory\people2\1\siguientes500\2017-04-26_17-45-01~17-46-05_0.trk;173;110;10;10
627;D:\DataSet_Laboratory\people2\1\siguientes500\2017-04-26_17-45-01~17-46-05_1.trk;145;281;21;32
628;D:\DataSet_Laboratory\people2\1\siguientes500\2017-04-26_17-45-01~17-46-05_3.trk;78;69;10;10
629;D:\DataSet_Laboratory\people2\1\siguientes500\2017-04-26_17-45-01~17-46-05_4.trk;14;18;1;1
630;D:\DataSet_Laboratory\people2\1\siguientes500\2017-04-26_18-09-09~18-09-32_0.trk;171;46;4;4
631;D:\DataSet_Laboratory\people2\1\siguientes500\2017-04-26_18-18-35~18-19-06_0.trk;171;58;3;6
632;D:\DataSet_Laboratory\people2\1\siguientes500\2017-04-26_18-18-35~18-19-06_1.trk;65;18;16;16
633;D:\DataSet_Laboratory\people2\1\siguientes500\2017-04-26_18-19-07~18-19-31_0.trk;198;93;23;23
634;D:\DataSet_Laboratory\people2\1\siguientes500\2017-04-26_18-24-19~18-24-50_0.trk;168;48;3;3
635;D:\DataSet_Laboratory\people2\1\siguientes500\2017-04-26_18-28-03~18-28-53_0.trk;33;102;3;17
636;D:\DataSet_Laboratory\people2\1\siguientes500\2017-04-26_18-28-03~18-28-53_1.trk;105;267;15;20
637;D:\DataSet_Laboratory\people2\1\siguientes500\2017-04-26_18-28-03~18-28-53_2.trk;119;12;7;7
638;D:\DataSet_Laboratory\people2\1\siguientes500\2017-04-26_18-28-03~18-28-53_3.trk;175;37;4;3
639;D:\DataSet_Laboratory\people2\1\siguientes500\2017-04-26_18-39-23~18-39-57_0.trk;211;55;5;5
640;D:\DataSet_Laboratory\people2\1\siguientes500\2017-04-26_18-45-20~18-45-49_0.trk;12;22;5;5
641;D:\DataSet_Laboratory\people2\1\siguientes500\2017-04-26_19-08-08~19-08-29_0.trk;167;37;4;3
642;D:\DataSet_Laboratory\people2\1\siguientes500\2017-04-26_19-39-28~19-39-59_0.trk;205;39;4;3
643;D:\DataSet_Laboratory\people2\1\siguientes500\2017-04-26_20-31-57~20-32-31_0.trk;62;37;3;3
644;D:\DataSet_Laboratory\people2\1\siguientes500\2017-04-26_20-40-37~20-41-16_0.trk;63;53;3;3
645;D:\DataSet_Laboratory\people2\1\siguientes500\2017-04-26_20-52-27~20-53-28_0.trk;224;39;17;16
646;D:\DataSet_Laboratory\people2\1\siguientes500\2017-04-26_20-52-27~20-53-28_1.trk;207;52;4;3
647;D:\DataSet_Laboratory\people2\1\siguientes500\2017-04-26_21-00-08~21-00-50_0.trk;92;85;23;35
648;D:\DataSet_Laboratory\people2\1\siguientes500\2017-04-26_21-17-01~21-17-27_3.trk;65;29;16;16
649;D:\DataSet_Laboratory\people2\1\siguientes500\2017-04-26_21-17-01~21-17-27_4.trk;146;30;20;20
650;D:\DataSet_Laboratory\people2\1\siguientes500\2017-04-27_06-56-29~06-57-00_0.trk;70;81;5;36
651;D:\DataSet_Laboratory\people2\1\siguientes500\2017-04-27_07-10-53~07-11-32_0.trk;247;19;0;1
652;D:\DataSet_Laboratory\people2\1\siguientes500\2017-04-27_07-10-53~07-11-32_1.trk;8;139;3;25
653;D:\DataSet_Laboratory\people2\1\siguientes500\2017-04-27_07-50-00~07-50-18_0.trk;82;57;3;3
654;D:\DataSet_Laboratory\people2\1\siguientes500\2017-04-27_08-58-32~08-58-58_0.trk;232;26;5;5
655;D:\DataSet_Laboratory\people2\1\siguientes500\2017-04-27_09-02-29~09-03-00_1.trk;21;70;5;5
656;D:\DataSet_Laboratory\people2\1\siguientes500\2017-04-27_09-04-26~09-04-52_0.trk;245;17;2;2
657;D:\DataSet_Laboratory\people2\1\siguientes500\2017-04-27_09-06-00~09-06-29_0.trk;103;61;18;18
658;D:\DataSet_Laboratory\people2\1\siguientes500\2017-04-27_09-06-00~09-06-29_1.trk;106;14;0;29
659;D:\DataSet_Laboratory\people2\1\siguientes500\2017-04-27_09-06-50~09-07-24_0.trk;21;73;3;25
660;D:\DataSet_Laboratory\people2\1\siguientes500\2017-04-27_09-09-14~09-09-43_2.trk;220;171;5;5
661;D:\DataSet_Laboratory\people2\1\siguientes500\2017-04-27_09-09-14~09-09-43_3.trk;221;14;0;0
662;D:\DataSet_Laboratory\people2\1\siguientes500\2017-04-27_09-09-14~09-09-43_6.trk;222;93;15;20
663;D:\DataSet_Laboratory\people2\1\siguientes500\2017-04-27_09-09-14~09-09-43_7.trk;88;62;15;15
664;D:\DataSet_Laboratory\people2\1\siguientes500\2017-04-27_09-10-00~09-10-08_0.trk;60;96;0;29
665;D:\DataSet_Laboratory\people2\1\siguientes500\2017-04-27_09-10-10~09-10-36_0.trk;60;101;5;22
666;D:\DataSet_Laboratory\people2\1\siguientes500\2017-04-27_09-35-20~09-35-43_0.trk;96;84;6;14
667;D:\DataSet_Laboratory\people2\1\siguientes500\2017-04-27_09-37-20~09-37-43_0.trk;282;22;2;2
668;D:\DataSet_Laboratory\people2\1\siguientes500\2017-04-27_09-37-20~09-37-43_1.trk;65;16;16;16
669;D:\DataSet_Laboratory\people2\1\siguientes500\2017-04-27_09-37-44~09-38-05_0.trk;182;20;1;15
670;D:\DataSet_Laboratory\people2\1\siguientes500\2017-04-27_09-47-28~09-48-58_1.trk;286;44;5;5
671;D:\DataSet_Laboratory\people2\1\siguientes500\2017-04-27_09-47-28~09-48-58_2.trk;232;19;5;5
672;D:\DataSet_Laboratory\people2\1\siguientes500\2017-04-27_09-47-28~09-48-58_3.trk;115;73;18;34
673;D:\DataSet_Laboratory\people2\1\siguientes500\2017-04-27_09-47-28~09-48-58_4.trk;247;32;0;0
674;D:\DataSet_Laboratory\people2\1\siguientes500\2017-04-27_09-47-28~09-48-58_5.trk;106;64;0;29
675;D:\DataSet_Laboratory\people2\1\siguientes500\2017-04-27_09-48-58~09-49-22_0.trk;3;17;2;2
676;D:\DataSet_Laboratory\people2\1\siguientes500\2017-04-27_10-09-28~10-09-59_0.trk;110;93;3;3
677;D:\DataSet_Laboratory\people2\1\siguientes500\2017-04-27_10-13-12~10-13-59_0.trk;94;33;18;18
678;D:\DataSet_Laboratory\people2\1\siguientes500\2017-04-27_10-13-12~10-13-59_1.trk;28;39;5;5
679;D:\DataSet_Laboratory\people2\1\siguientes500\2017-04-27_10-26-56~10-27-30_0.trk;105;56;3;3
680;D:\DataSet_Laboratory\people2\1\siguientes500\2017-04-27_10-29-25~10-29-56_2.trk;79;71;3;25
681;D:\DataSet_Laboratory\people2\1\siguientes500\2017-04-27_10-50-32~10-51-06_0.trk;49;40;5;5
682;D:\DataSet_Laboratory\people2\1\siguientes500\2017-04-27_10-56-00~10-56-47_0.trk;17;77;5;5
683;D:\DataSet_Laboratory\people2\1\siguientes500\2017-04-27_11-15-25~11-15-51_0.trk;14;103;1;15
684;D:\DataSet_Laboratory\people2\1\siguientes500\2017-04-27_11-18-45~11-19-19_0.trk;205;54;3;3
685;D:\DataSet_Laboratory\people2\1\siguientes500\2017-04-27_11-26-10~11-27-45_0.trk;543;54;5;5
686;D:\DataSet_Laboratory\people2\1\siguientes500\2017-04-27_11-26-10~11-27-45_1.trk;119;15;7;30
687;D:\DataSet_Laboratory\people2\1\siguientes500\2017-04-27_11-26-10~11-27-45_3.trk;32;169;3;14
688;D:\DataSet_Laboratory\people2\1\siguientes500\2017-04-27_11-26-10~11-27-45_5.trk;152;68;5;5
689;D:\DataSet_Laboratory\people2\1\siguientes500\2017-04-27_11-37-14~11-37-48_0.trk;243;59;4;3
690;D:\DataSet_Laboratory\people2\1\siguientes500\2017-04-27_11-38-24~11-38-55_1.trk;76;146;3;3
691;D:\DataSet_Laboratory\people2\1\siguientes500\2017-04-27_11-41-38~11-42-09_0.trk;158;139;19;19
692;D:\DataSet_Laboratory\people2\1\siguientes500\2017-04-27_11-41-38~11-42-09_1.trk;100;26;4;4
693;D:\DataSet_Laboratory\people2\1\siguientes500\2017-04-27_11-49-12~11-49-59_0.trk;4;103;3;14
694;D:\DataSet_Laboratory\people2\1\siguientes500\2017-04-27_11-50-48~11-51-27_0.trk;29;59;5;5
695;D:\DataSet_Laboratory\people2\1\siguientes500\2017-04-27_11-57-01~11-57-35_0.trk;155;10;0;0
696;D:\DataSet_Laboratory\people2\1\siguientes500\2017-04-27_11-57-01~11-57-35_1.trk;152;62;3;14
697;D:\DataSet_Laboratory\people2\1\siguientes500\2017-04-27_11-57-01~11-57-35_2.trk;229;20;2;2
698;D:\DataSet_Laboratory\people2\1\siguientes500\2017-04-27_12-08-48~12-09-19_0.trk;243;63;4;3
699;D:\DataSet_Laboratory\people2\1\siguientes500\2017-04-27_12-11-20~12-12-05_0.trk;175;67;3;25
700;D:\DataSet_Laboratory\people2\1\siguientes500\2017-04-27_12-11-20~12-12-05_1.trk;259;75;5;5
701;D:\DataSet_Laboratory\people2\1\siguientes500\2017-04-27_12-23-09~12-23-46_0.trk;247;22;0;0
702;D:\DataSet_Laboratory\people2\1\siguientes500\2017-04-27_12-23-09~12-23-46_1.trk;159;107;14;19
703;D:\DataSet_Laboratory\people2\1\siguientes500\2017-04-27_12-26-02~12-26-55_2.trk;69;90;3;25
704;D:\DataSet_Laboratory\people2\1\siguientes500\2017-04-27_12-26-02~12-26-55_3.trk;63;43;3;3
705;D:\DataSet_Laboratory\people2\1\siguientes500\2017-04-27_12-30-02~12-30-33_1.trk;79;54;3;25
706;D:\DataSet_Laboratory\people2\1\siguientes500\2017-04-27_12-34-32~12-35-01_0.trk;155;10;0;0
707;D:\DataSet_Laboratory\people2\1\siguientes500\2017-04-27_12-34-32~12-35-01_2.trk;208;262;19;19
708;D:\DataSet_Laboratory\people2\1\siguientes500\2017-04-27_12-35-01~12-35-41_0.trk;136;480;30;24
709;D:\DataSet_Laboratory\people2\1\siguientes500\2017-04-27_12-35-44~12-36-10_0.trk;208;320;20;10
710;D:\DataSet_Laboratory\people2\1\siguientes500\2017-04-27_12-42-21~12-42-40_0.trk;224;34;4;4
711;D:\DataSet_Laboratory\people2\1\siguientes500\2017-04-27_12-42-40~12-43-01_0.trk;61;238;20;31
712;D:\DataSet_Laboratory\people2\1\siguientes500\2017-04-27_12-45-01~12-45-25_0.trk;167;31;4;4
713;D:\DataSet_Laboratory\people2\1\siguientes500\2017-04-27_12-46-05~12-46-36_0.trk;91;28;4;4
714;D:\DataSet_Laboratory\people2\1\siguientes500\2017-04-27_12-46-05~12-46-36_1.trk;8;23;4;4
715;D:\DataSet_Laboratory\people2\1\siguientes500\2017-04-27_12-46-05~12-46-36_2.trk;119;10;7;7
716;D:\DataSet_Laboratory\people2\1\siguientes500\2017-04-27_12-46-05~12-46-36_3.trk;89;23;4;4
717;D:\DataSet_Laboratory\people2\1\siguientes500\2017-04-27_12-46-05~12-46-36_5.trk;85;29;11;11
718;D:\DataSet_Laboratory\people2\1\siguientes500\2017-04-27_12-46-05~12-46-36_7.trk;274;17;12;2
719;D:\DataSet_Laboratory\people2\1\siguientes500\2017-04-27_12-47-22~12-47-43_0.trk;8;25;4;4
720;D:\DataSet_Laboratory\people2\1\siguientes500\2017-04-27_12-47-22~12-47-43_1.trk;99;18;4;4
721;D:\DataSet_Laboratory\people2\1\siguientes500\2017-04-27_12-55-01~12-55-25_0.trk;245;23;2;2
722;D:\DataSet_Laboratory\people2\1\siguientes500\2017-04-27_12-55-25~12-55-51_0.trk;182;40;4;4
723;D:\DataSet_Laboratory\people2\1\siguientes500\2017-04-27_12-55-57~12-56-26_0.trk;247;29;1;0
724;D:\DataSet_Laboratory\people2\1\siguientes500\2017-04-27_12-55-57~12-56-26_1.trk;4;98;5;5
725;D:\DataSet_Laboratory\people2\1\siguientes500\2017-04-27_12-55-57~12-56-26_3.trk;272;47;2;2
726;D:\DataSet_Laboratory\people2\1\siguientes500\2017-04-27_12-56-50~12-57-19_0.trk;85;110;12;12
727;D:\DataSet_Laboratory\people2\1\siguientes500\2017-04-27_12-56-50~12-57-19_1.trk;97;36;2;2
728;D:\DataSet_Laboratory\people2\1\siguientes500\2017-04-27_12-59-30~13-00-01_1.trk;35;67;5;5
729;D:\DataSet_Laboratory\people2\1\siguientes500\2017-04-27_13-04-34~13-05-00_0.trk;213;78;3;3
730;D:\DataSet_Laboratory\people2\1\siguientes500\2017-04-27_13-06-45~13-07-14_1.trk;72;30;5;5
731;D:\DataSet_Laboratory\people2\1\siguientes500\2017-04-27_13-06-45~13-07-14_2.trk;235;56;3;4
732;D:\DataSet_Laboratory\people2\1\siguientes500\2017-04-27_13-07-27~13-07-50_0.trk;196;46;3;3
733;D:\DataSet_Laboratory\people2\1\siguientes500\2017-04-27_13-10-02~13-10-29_0.trk;130;84;5;5
734;D:\DataSet_Laboratory\people2\1\siguientes500\2017-04-27_13-13-09~13-13-46_1.trk;113;224;14;14
735;D:\DataSet_Laboratory\people2\1\siguientes500\2017-04-27_13-20-55~13-21-37_0.trk;155;14;1;1
736;D:\DataSet_Laboratory\people2\1\siguientes500\2017-04-27_13-20-55~13-21-37_1.trk;286;50;5;5
737;D:\DataSet_Laboratory\people2\1\siguientes500\2017-04-27_13-45-38~13-46-17_1.trk;81;33;5;5
738;D:\DataSet_Laboratory\people2\1\siguientes500\2017-04-27_13-53-59~13-55-00_0.trk;323;149;5;5
739;D:\DataSet_Laboratory\people2\1\siguientes500\2017-04-27_13-53-59~13-55-00_1.trk;3;33;2;2
740;D:\DataSet_Laboratory\people2\1\siguientes500\2017-04-27_13-53-59~13-55-00_10.trk;199;40;20;12
741;D:\DataSet_Laboratory\people2\1\siguientes500\2017-04-27_13-53-59~13-55-00_2.trk;64;41;4;3
742;D:\DataSet_Laboratory\people2\1\siguientes500\2017-04-27_13-53-59~13-55-00_3.trk;286;76;6;6
743;D:\DataSet_Laboratory\people2\1\siguientes500\2017-04-27_13-53-59~13-55-00_4.trk;189;21;2;2
744;D:\DataSet_Laboratory\people2\1\siguientes500\2017-04-27_13-53-59~13-55-00_5.trk;170;83;6;6
745;D:\DataSet_Laboratory\people2\1\siguientes500\2017-04-27_13-53-59~13-55-00_6.trk;138;41;3;4
746;D:\DataSet_Laboratory\people2\1\siguientes500\2017-04-27_13-53-59~13-55-00_8.trk;89;29;3;4
747;D:\DataSet_Laboratory\people2\1\siguientes500\2017-04-27_13-53-59~13-55-00_9.trk;209;52;3;25
748;D:\DataSet_Laboratory\people2\1\siguientes500\2017-04-27_13-55-01~13-57-22_0.trk;177;1696;30;24
749;D:\DataSet_Laboratory\people2\1\siguientes500\2017-04-27_13-55-01~13-57-22_1.trk;274;12;5;22
750;D:\DataSet_Laboratory\people2\1\siguientes500\2017-04-27_13-55-01~13-57-22_2.trk;209;29;19;20
751;D:\DataSet_Laboratory\people2\1\siguientes500\2017-04-27_13-55-01~13-57-22_4.trk;145;170;5;5
752;D:\DataSet_Laboratory\people2\1\siguientes500\2017-04-27_13-58-07~13-58-41_0.trk;158;98;19;19
753;D:\DataSet_Laboratory\people2\1\siguientes500\2017-04-27_14-03-51~14-05-00_0.trk;152;90;5;5
754;D:\DataSet_Laboratory\people2\1\siguientes500\2017-04-27_14-03-51~14-05-00_1.trk;266;135;2;2
755;D:\DataSet_Laboratory\people2\1\siguientes500\2017-04-27_14-03-51~14-05-00_2.trk;197;231;27;24
756;D:\DataSet_Laboratory\people2\1\siguientes500\2017-04-27_14-06-50~14-07-13_0.trk;187;109;20;31
757;D:\DataSet_Laboratory\people2\1\siguientes500\2017-04-27_14-07-19~14-08-06_0.trk;21;63;3;3
758;D:\DataSet_Laboratory\people2\1\siguientes500\2017-04-27_14-07-19~14-08-06_1.trk;419;406;17;24
759;D:\DataSet_Laboratory\people2\1\siguientes500\2017-04-27_14-08-37~14-09-00_0.trk;263;288;20;9
760;D:\DataSet_Laboratory\people2\1\siguientes500\2017-04-27_14-10-55~14-11-18_0.trk;235;236;17;23
761;D:\DataSet_Laboratory\people2\1\siguientes500\2017-04-27_14-10-55~14-11-18_1.trk;170;68;20;27
762;D:\DataSet_Laboratory\people2\1\siguientes500\2017-04-27_14-10-55~14-11-18_2.trk;144;15;16;12
763;D:\DataSet_Laboratory\people2\1\siguientes500\2017-04-27_14-16-26~14-17-00_0.trk;28;50;5;5
764;D:\DataSet_Laboratory\people2\1\siguientes500\2017-04-27_14-17-51~14-18-30_0.trk;300;63;3;3
765;D:\DataSet_Laboratory\people2\1\siguientes500\2017-04-27_14-25-51~14-26-22_0.trk;229;19;2;2
766;D:\DataSet_Laboratory\people2\1\siguientes500\2017-04-27_14-25-51~14-26-22_1.trk;14;44;3;4
767;D:\DataSet_Laboratory\people2\1\siguientes500\2017-04-27_14-27-11~14-28-33_0.trk;63;88;3;25
768;D:\DataSet_Laboratory\people2\1\siguientes500\2017-04-27_14-27-11~14-28-33_1.trk;183;66;3;3
769;D:\DataSet_Laboratory\people2\1\siguientes500\2017-04-27_14-30-50~14-31-37_0.trk;283;26;12;12
770;D:\DataSet_Laboratory\people2\1\siguientes500\2017-04-27_14-30-50~14-31-37_1.trk;207;96;3;6
771;D:\DataSet_Laboratory\people2\1\siguientes500\2017-04-27_14-32-05~14-33-22_0.trk;300;82;3;3
772;D:\DataSet_Laboratory\people2\1\siguientes500\2017-04-27_14-32-05~14-33-22_1.trk;152;58;3;25
773;D:\DataSet_Laboratory\people2\1\siguientes500\2017-04-27_14-32-05~14-33-22_2.trk;39;54;3;25
774;D:\DataSet_Laboratory\people2\1\siguientes500\2017-04-27_14-33-43~14-34-06_0.trk;197;228;16;12
775;D:\DataSet_Laboratory\people2\1\siguientes500\2017-04-27_14-34-07~14-34-31_0.trk;61;78;16;31
776;D:\DataSet_Laboratory\people2\1\siguientes500\2017-04-27_14-38-42~14-39-06_0.trk;543;31;20;20
777;D:\DataSet_Laboratory\people2\1\siguientes500\2017-04-27_14-39-25~14-40-02_0.trk;63;60;3;25
778;D:\DataSet_Laboratory\people2\1\siguientes500\2017-04-27_14-41-22~14-41-48_1.trk;193;27;12;12
779;D:\DataSet_Laboratory\people2\1\siguientes500\2017-04-27_14-41-22~14-41-48_2.trk;76;119;3;25
780;D:\DataSet_Laboratory\people2\1\siguientes500\2017-04-27_14-42-34~14-43-11_1.trk;131;52;18;18
781;D:\DataSet_Laboratory\people2\1\siguientes500\2017-04-27_14-42-34~14-43-11_2.trk;8;49;3;25
782;D:\DataSet_Laboratory\people2\1\siguientes500\2017-04-27_14-46-21~14-47-03_1.trk;67;65;5;5
783;D:\DataSet_Laboratory\people2\1\siguientes500\2017-04-27_14-46-21~14-47-03_2.trk;305;36;2;2
784;D:\DataSet_Laboratory\people2\1\siguientes500\2017-04-27_14-54-37~14-55-00_0.trk;107;87;3;3
785;D:\DataSet_Laboratory\people2\1\siguientes500\2017-04-27_15-00-02~15-00-23_1.trk;189;11;12;2
786;D:\DataSet_Laboratory\people2\1\siguientes500\2017-04-27_15-02-29~15-03-00_3.trk;159;200;3;25
787;D:\DataSet_Laboratory\people2\1\siguientes500\2017-04-27_15-02-29~15-03-00_5.trk;144;10;16;12
788;D:\DataSet_Laboratory\people2\1\siguientes500\2017-04-27_15-06-29~15-07-06_0.trk;307;31;2;2
789;D:\DataSet_Laboratory\people2\1\siguientes500\2017-04-27_15-06-29~15-07-06_1.trk;166;223;10;5
790;D:\DataSet_Laboratory\people2\1\siguientes500\2017-04-27_15-09-38~15-09-59_0.trk;40;92;16;16
791;D:\DataSet_Laboratory\people2\1\siguientes500\2017-04-27_15-16-05~15-16-34_0.trk;71;15;12;12
792;D:\DataSet_Laboratory\people2\1\siguientes500\2017-04-27_15-16-05~15-16-34_1.trk;5;32;5;14
793;D:\DataSet_Laboratory\people2\1\siguientes500\2017-04-27_15-17-30~15-18-09_0.trk;110;79;3;3
794;D:\DataSet_Laboratory\people2\1\siguientes500\2017-04-27_15-17-30~15-18-09_1.trk;52;36;2;2
795;D:\DataSet_Laboratory\people2\1\siguientes500\2017-04-27_15-27-17~15-27-56_0.trk;183;35;3;3
796;D:\DataSet_Laboratory\people2\1\siguientes500\2017-04-27_15-27-17~15-27-56_1.trk;146;49;23;23
797;D:\DataSet_Laboratory\people2\1\siguientes500\2017-04-27_15-27-17~15-27-56_2.trk;155;30;1;0
798;D:\DataSet_Laboratory\people2\1\siguientes500\2017-04-27_15-45-30~15-45-59_0.trk;105;41;3;3
799;D:\DataSet_Laboratory\people2\1\siguientes500\2017-04-27_15-51-46~15-52-28_0.trk;100;30;3;16
800;D:\DataSet_Laboratory\people2\1\siguientes500\2017-04-27_15-51-46~15-52-28_1.trk;109;15;15;30
801;D:\DataSet_Laboratory\people2\1\siguientes500\2017-04-27_15-51-46~15-52-28_2.trk;100;39;3;25
802;D:\DataSet_Laboratory\people2\1\siguientes500\2017-04-27_15-51-46~15-52-28_3.trk;144;12;3;16
803;D:\DataSet_Laboratory\people2\1\siguientes500\2017-04-27_15-51-46~15-52-28_4.trk;130;36;5;19
804;D:\DataSet_Laboratory\people2\1\siguientes500\2017-04-27_15-59-30~16-00-01_0.trk;145;125;21;20
805;D:\DataSet_Laboratory\people2\1\siguientes500\2017-04-27_16-00-18~16-00-55_0.trk;339;49;3;3
806;D:\DataSet_Laboratory\people2\1\siguientes500\2017-04-27_16-00-18~16-00-55_1.trk;130;42;12;12
807;D:\DataSet_Laboratory\people2\1\siguientes500\2017-04-27_16-00-18~16-00-55_2.trk;75;11;1;0
808;D:\DataSet_Laboratory\people2\1\siguientes500\2017-04-27_16-00-18~16-00-55_4.trk;40;30;21;21
809;D:\DataSet_Laboratory\people2\1\siguientes500\2017-04-27_16-11-35~16-12-06_1.trk;4;94;3;25
810;D:\DataSet_Laboratory\people2\1\siguientes500\2017-04-27_16-21-54~16-22-17_0.trk;107;84;3;3
811;D:\DataSet_Laboratory\people2\1\siguientes500\2017-04-27_16-21-54~16-22-17_1.trk;235;98;5;5
812;D:\DataSet_Laboratory\people2\1\siguientes500\2017-04-27_16-24-26~16-25-00_0.trk;305;31;2;2
813;D:\DataSet_Laboratory\people2\1\siguientes500\2017-04-27_16-24-26~16-25-00_1.trk;81;31;2;2
814;D:\DataSet_Laboratory\people2\1\siguientes500\2017-04-27_16-24-26~16-25-00_2.trk;543;116;3;3
815;D:\DataSet_Laboratory\people2\1\siguientes500\2017-04-27_16-33-11~16-33-42_0.trk;49;56;5;5
816;D:\DataSet_Laboratory\people2\1\siguientes500\2017-04-27_16-34-21~16-34-44_0.trk;300;55;3;3
817;D:\DataSet_Laboratory\people2\1\siguientes500\2017-04-27_16-39-06~16-39-30_0.trk;307;36;2;2
818;D:\DataSet_Laboratory\people2\1\siguientes500\2017-04-27_16-40-29~16-40-58_1.trk;54;62;3;3
819;D:\DataSet_Laboratory\people2\1\siguientes500\2017-04-27_16-40-29~16-40-58_2.trk;5;59;14;5
820;D:\DataSet_Laboratory\people2\1\siguientes500\2017-04-27_16-41-14~16-41-43_0.trk;245;30;2;2
821;D:\DataSet_Laboratory\people2\1\siguientes500\2017-04-27_16-41-14~16-41-43_4.trk;66;100;3;3
822;D:\DataSet_Laboratory\people2\1\siguientes500\2017-04-27_16-41-43~16-42-07_0.trk;339;53;3;3
823;D:\DataSet_Laboratory\people2\1\siguientes500\2017-04-27_16-44-10~16-45-01_0.trk;106;11;5;14
824;D:\DataSet_Laboratory\people2\1\siguientes500\2017-04-27_16-44-10~16-45-01_1.trk;187;138;12;12
825;D:\DataSet_Laboratory\people2\1\siguientes500\2017-04-27_16-44-10~16-45-01_2.trk;119;13;7;7
826;D:\DataSet_Laboratory\people2\1\siguientes500\2017-04-27_16-44-10~16-45-01_3.trk;119;17;7;30
827;D:\DataSet_Laboratory\people2\1\siguientes500\2017-04-27_16-44-10~16-45-01_4.trk;119;10;7;7
828;D:\DataSet_Laboratory\people2\1\siguientes500\2017-04-27_16-44-10~16-45-01_6.trk;104;101;5;5
829;D:\DataSet_Laboratory\people2\1\siguientes500\2017-04-27_16-44-10~16-45-01_8.trk;275;66;12;2
830;D:\DataSet_Laboratory\people2\1\siguientes500\2017-04-27_16-45-59~16-46-41_0.trk;247;30;0;1
831;D:\DataSet_Laboratory\people2\1\siguientes500\2017-04-27_16-45-59~16-46-41_1.trk;95;40;4;25
832;D:\DataSet_Laboratory\people2\1\siguientes500\2017-04-27_16-45-59~16-46-41_2.trk;131;117;5;5
833;D:\DataSet_Laboratory\people2\1\siguientes500\2017-04-27_16-48-13~16-48-44_0.trk;262;11;11;11
834;D:\DataSet_Laboratory\people2\1\siguientes500\2017-04-27_16-48-13~16-48-44_1.trk;28;49;5;5
835;D:\DataSet_Laboratory\people2\1\siguientes500\2017-04-27_16-48-13~16-48-44_2.trk;85;17;11;11
836;D:\DataSet_Laboratory\people2\1\siguientes500\2017-04-27_16-48-13~16-48-44_3.trk;85;42;12;12
837;D:\DataSet_Laboratory\people2\1\siguientes500\2017-04-27_16-48-13~16-48-44_4.trk;262;14;11;11
838;D:\DataSet_Laboratory\people2\1\siguientes500\2017-04-27_16-48-47~16-49-50_0.trk;52;56;12;12
839;D:\DataSet_Laboratory\people2\1\siguientes500\2017-04-27_16-48-47~16-49-50_1.trk;188;150;12;24
840;D:\DataSet_Laboratory\people2\1\siguientes500\2017-04-27_16-48-47~16-49-50_2.trk;193;52;2;2
841;D:\DataSet_Laboratory\people2\1\siguientes500\2017-04-27_16-48-47~16-49-50_3.trk;97;22;2;2
842;D:\DataSet_Laboratory\people2\1\siguientes500\2017-04-27_16-48-47~16-49-50_4.trk;111;58;19;21
843;D:\DataSet_Laboratory\people2\1\siguientes500\2017-04-27_16-48-47~16-49-50_5.trk;247;15;1;1
844;D:\DataSet_Laboratory\people2\1\siguientes500\2017-04-27_16-51-38~16-52-21_0.trk;274;11;12;2
845;D:\DataSet_Laboratory\people2\1\siguientes500\2017-04-27_16-51-38~16-52-21_2.trk;173;155;3;3
846;D:\DataSet_Laboratory\people2\1\siguientes500\2017-04-27_16-51-38~16-52-21_3.trk;183;40;3;3
847;D:\DataSet_Laboratory\people2\1\siguientes500\2017-04-27_16-53-38~16-54-09_0.trk;110;84;3;3
848;D:\DataSet_Laboratory\people2\1\siguientes500\2017-04-27_16-53-38~16-54-09_1.trk;380;25;2;2
849;D:\DataSet_Laboratory\people2\1\siguientes500\2017-04-27_16-55-35~16-55-58_0.trk;286;117;3;3
850;D:\DataSet_Laboratory\people2\1\siguientes500\2017-04-27_16-57-25~16-57-48_0.trk;105;43;3;3
851;D:\DataSet_Laboratory\people2\1\siguientes500\2017-04-27_17-04-29~17-04-55_1.trk;46;46;15;20
852;D:\DataSet_Laboratory\people2\1\siguientes500\2017-04-27_17-04-29~17-04-55_2.trk;78;30;5;5
853;D:\DataSet_Laboratory\people2\1\siguientes500\2017-04-27_17-04-29~17-04-55_3.trk;118;33;7;7
854;D:\DataSet_Laboratory\people2\1\siguientes500\2017-04-27_17-04-29~17-04-55_4.trk;119;15;7;7
855;D:\DataSet_Laboratory\people2\1\siguientes500\2017-04-27_17-05-01~17-05-43_0.trk;213;160;15;20
856;D:\DataSet_Laboratory\people2\1\siguientes500\2017-04-27_17-05-01~17-05-43_1.trk;232;24;5;5
857;D:\DataSet_Laboratory\people2\1\siguientes500\2017-04-27_17-05-01~17-05-43_2.trk;45;22;1;15
858;D:\DataSet_Laboratory\people2\1\siguientes500\2017-04-27_17-05-01~17-05-43_3.trk;49;31;5;5
859;D:\DataSet_Laboratory\people2\1\siguientes500\2017-04-27_17-06-18~17-06-44_1.trk;233;96;3;3
860;D:\DataSet_Laboratory\people2\1\siguientes500\2017-04-27_17-06-18~17-06-44_2.trk;10;11;15;15
861;D:\DataSet_Laboratory\people2\1\siguientes500\2017-04-27_17-10-07~17-10-36_0.trk;62;42;3;3
862;D:\DataSet_Laboratory\people2\1\siguientes500\2017-04-27_17-20-07~17-20-36_0.trk;170;58;3;14
863;D:\DataSet_Laboratory\people2\1\siguientes500\2017-04-27_17-20-07~17-20-36_1.trk;20;15;2;2
864;D:\DataSet_Laboratory\people2\1\siguientes500\2017-04-27_17-23-33~17-23-59_0.trk;130;66;5;5
865;D:\DataSet_Laboratory\people2\1\siguientes500\2017-04-27_17-24-39~17-25-00_0.trk;107;76;3;3
866;D:\DataSet_Laboratory\people2\1\siguientes500\2017-04-27_17-24-39~17-25-00_1.trk;112;82;3;25
867;D:\DataSet_Laboratory\people2\1\siguientes500\2017-04-27_17-36-10~17-36-41_0.trk;178;60;4;3
868;D:\DataSet_Laboratory\people2\1\siguientes500\2017-04-27_17-47-03~17-47-37_0.trk;205;41;3;3
869;D:\DataSet_Laboratory\people2\1\siguientes500\2017-04-27_17-47-38~17-48-02_0.trk;102;45;5;5
870;D:\DataSet_Laboratory\people2\1\siguientes500\2017-04-27_17-51-14~17-51-40_0.trk;229;38;2;2
871;D:\DataSet_Laboratory\people2\1\siguientes500\2017-04-27_17-51-51~17-52-14_0.trk;276;31;8;8
872;D:\DataSet_Laboratory\people2\1\siguientes500\2017-04-27_17-51-51~17-52-14_1.trk;276;23;8;8
873;D:\DataSet_Laboratory\people2\1\siguientes500\2017-04-27_17-51-51~17-52-14_2.trk;276;21;8;8
874;D:\DataSet_Laboratory\people2\1\siguientes500\2017-04-27_17-51-51~17-52-14_3.trk;276;15;8;8
875;D:\DataSet_Laboratory\people2\1\siguientes500\2017-04-27_17-51-51~17-52-14_4.trk;247;14;0;1
876;D:\DataSet_Laboratory\people2\1\siguientes500\2017-04-27_17-52-21~17-52-50_0.trk;48;144;16;16
877;D:\DataSet_Laboratory\people2\1\siguientes500\2017-04-27_17-52-21~17-52-50_1.trk;282;55;2;2
878;D:\DataSet_Laboratory\people2\1\siguientes500\2017-04-27_17-56-02~17-56-41_0.trk;269;58;3;3
879;D:\DataSet_Laboratory\people2\1\siguientes500\2017-04-27_17-58-10~17-58-36_0.trk;229;24;2;2
880;D:\DataSet_Laboratory\people2\1\siguientes500\2017-04-27_18-03-09~18-03-48_0.trk;102;55;5;5
881;D:\DataSet_Laboratory\people2\1\siguientes500\2017-04-27_18-03-49~18-04-10_0.trk;92;44;4;4
882;D:\DataSet_Laboratory\people2\1\siguientes500\2017-04-27_18-05-22~18-05-48_0.trk;245;27;2;2
883;D:\DataSet_Laboratory\people2\1\siguientes500\2017-04-27_18-06-13~18-07-32_0.trk;229;23;2;2
884;D:\DataSet_Laboratory\people2\1\siguientes500\2017-04-27_18-06-13~18-07-32_1.trk;8;45;3;16
885;D:\DataSet_Laboratory\people2\1\siguientes500\2017-04-27_18-06-13~18-07-32_2.trk;249;42;5;5
886;D:\DataSet_Laboratory\people2\1\siguientes500\2017-04-27_18-06-13~18-07-32_4.trk;232;32;5;5
887;D:\DataSet_Laboratory\people2\1\siguientes500\2017-04-27_18-06-13~18-07-32_6.trk;12;18;5;5
888;D:\DataSet_Laboratory\people2\1\siguientes500\2017-04-27_18-06-13~18-07-32_7.trk;93;56;29;18
889;D:\DataSet_Laboratory\people2\1\siguientes500\2017-04-27_18-08-37~18-09-00_0.trk;50;19;2;2
890;D:\DataSet_Laboratory\people2\1\siguientes500\2017-04-27_18-11-22~18-11-59_0.trk;100;29;6;16
891;D:\DataSet_Laboratory\people2\1\siguientes500\2017-04-27_18-11-22~18-11-59_1.trk;209;31;3;4
892;D:\DataSet_Laboratory\people2\1\siguientes500\2017-04-27_18-15-17~18-15-46_0.trk;245;28;2;2
893;D:\DataSet_Laboratory\people2\1\siguientes500\2017-04-27_18-20-42~18-22-15_0.trk;168;35;3;3
894;D:\DataSet_Laboratory\people2\1\siguientes500\2017-04-27_18-20-42~18-22-15_1.trk;33;293;3;4
895;D:\DataSet_Laboratory\people2\1\siguientes500\2017-04-27_18-20-42~18-22-15_2.trk;322;133;17;24
896;D:\DataSet_Laboratory\people2\1\siguientes500\2017-04-27_18-23-43~18-25-00_0.trk;95;54;3;3
897;D:\DataSet_Laboratory\people2\1\siguientes500\2017-04-27_18-23-43~18-25-00_1.trk;222;11;1;15
898;D:\DataSet_Laboratory\people2\1\siguientes500\2017-04-27_18-23-43~18-25-00_2.trk;8;25;4;4
899;D:\DataSet_Laboratory\people2\1\siguientes500\2017-04-27_18-23-43~18-25-00_3.trk;175;18;3;4
900;D:\DataSet_Laboratory\people2\1\siguientes500\2017-04-27_18-23-43~18-25-00_4.trk;75;20;1;15
901;D:\DataSet_Laboratory\people2\1\siguientes500\2017-04-27_18-23-43~18-25-00_5.trk;10;53;1;15
902;D:\DataSet_Laboratory\people2\1\siguientes500\2017-04-27_18-23-43~18-25-00_6.trk;222;67;1;15
903;D:\DataSet_Laboratory\people2\1\siguientes500\2017-04-27_18-23-43~18-25-00_8.trk;3;22;2;2
904;D:\DataSet_Laboratory\people2\1\siguientes500\2017-04-27_18-23-43~18-25-00_9.trk;380;35;2;2
905;D:\DataSet_Laboratory\people2\1\siguientes500\2017-04-27_18-25-01~18-25-54_0.trk;36;87;10;10
906;D:\DataSet_Laboratory\people2\1\siguientes500\2017-04-27_18-25-01~18-25-54_1.trk;501;69;2;10
907;D:\DataSet_Laboratory\people2\1\siguientes500\2017-04-27_18-25-01~18-25-54_2.trk;5;71;3;3
908;D:\DataSet_Laboratory\people2\1\siguientes500\2017-04-27_18-28-13~18-28-44_0.trk;183;54;3;3
909;D:\DataSet_Laboratory\people2\1\siguientes500\2017-04-27_18-32-26~18-32-55_0.trk;4;84;3;3
910;D:\DataSet_Laboratory\people2\1\siguientes500\2017-04-27_18-35-35~18-36-06_0.trk;339;62;3;3
911;D:\DataSet_Laboratory\people2\1\siguientes500\2017-04-27_18-37-09~18-37-35_0.trk;173;63;3;3
912;D:\DataSet_Laboratory\people2\1\siguientes500\2017-04-27_18-37-35~18-38-15_0.trk;95;35;4;25
913;D:\DataSet_Laboratory\people2\1\siguientes500\2017-04-27_18-37-35~18-38-15_1.trk;167;22;4;4
914;D:\DataSet_Laboratory\people2\1\siguientes500\2017-04-27_18-43-38~18-44-09_0.trk;171;77;3;3
915;D:\DataSet_Laboratory\people2\1\siguientes500\2017-04-27_18-43-38~18-44-09_2.trk;3;21;2;2
916;D:\DataSet_Laboratory\people2\1\siguientes500\2017-04-27_18-44-10~18-44-31_0.trk;252;22;2;2
917;D:\DataSet_Laboratory\people2\1\siguientes500\2017-04-27_18-45-25~18-45-59_0.trk;2;34;3;3
918;D:\DataSet_Laboratory\people2\1\siguientes500\2017-04-27_18-53-14~18-53-48_0.trk;196;62;3;3
919;D:\DataSet_Laboratory\people2\1\siguientes500\2017-04-27_19-00-02~19-00-58_0.trk;63;54;3;3
920;D:\DataSet_Laboratory\people2\1\siguientes500\2017-04-27_19-00-02~19-00-58_1.trk;229;22;2;2
921;D:\DataSet_Laboratory\people2\1\siguientes500\2017-04-27_19-08-10~19-08-39_0.trk;10;10;1;1
922;D:\DataSet_Laboratory\people2\1\siguientes500\2017-04-27_19-08-10~19-08-39_1.trk;17;74;5;5
923;D:\DataSet_Laboratory\people2\1\siguientes500\2017-04-27_19-11-14~19-11-59_0.trk;300;68;3;3
924;D:\DataSet_Laboratory\people2\1\siguientes500\2017-04-27_19-22-07~19-22-30_0.trk;227;33;16;16
925;D:\DataSet_Laboratory\people2\1\siguientes500\2017-04-27_19-28-13~19-28-39_0.trk;33;61;17;17
926;D:\DataSet_Laboratory\people2\1\siguientes500\2017-04-27_19-57-41~19-58-26_0.trk;245;30;2;2
927;D:\DataSet_Laboratory\people2\1\siguientes500\2017-04-27_19-57-41~19-58-26_1.trk;374;37;2;2
928;D:\DataSet_Laboratory\people2\1\siguientes500\2017-04-27_20-01-19~20-01-48_0.trk;97;37;2;2
929;D:\DataSet_Laboratory\people2\1\siguientes500\2017-04-27_20-01-19~20-01-48_1.trk;380;33;2;2
930;D:\DataSet_Laboratory\people2\1\siguientes500\2017-04-27_20-09-35~20-10-01_0.trk;302;81;5;19
931;D:\DataSet_Laboratory\people2\1\siguientes500\2017-04-27_20-09-35~20-10-01_2.trk;282;27;2;2
932;D:\DataSet_Laboratory\people2\1\siguientes500\2017-04-27_20-10-07~20-10-42_0.trk;304;78;5;10
933;D:\DataSet_Laboratory\people2\1\siguientes500\2017-04-27_20-33-30~20-34-26_1.trk;180;284;5;5
934;D:\DataSet_Laboratory\people2\1\siguientes500\2017-04-27_22-54-05~22-55-01_0.trk;152;60;14;33
935;D:\DataSet_Laboratory\people2\1\siguientes500\2017-04-27_22-54-05~22-55-01_3.trk;71;31;5;5
936;D:\DataSet_Laboratory\people2\1\siguientes500\2017-04-27_22-54-05~22-55-01_7.trk;347;85;18;18
937;D:\DataSet_Laboratory\people2\1\siguientes500\2017-04-27_22-54-05~22-55-01_8.trk;232;38;5;5
938;D:\DataSet_Laboratory\people2\1\siguientes500\2017-04-27_22-54-05~22-55-01_9.trk;81;30;5;5
939;D:\DataSet_Laboratory\people2\1\siguientes500\2017-04-27_22-56-40~22-57-38_0.trk;81;30;5;5
940;D:\DataSet_Laboratory\people2\1\siguientes500\2017-04-27_22-56-40~22-57-38_1.trk;316;65;18;18
941;D:\DataSet_Laboratory\people2\1\siguientes500\2017-04-27_23-06-06~23-06-29_0.trk;52;17;2;2
942;D:\DataSet_Laboratory\people2\1\siguientes500\2017-04-27_23-06-32~23-06-58_0.trk;20;19;2;2
943;D:\DataSet_Laboratory\people2\1\siguientes500\2017-04-28_09-10-34~09-11-16_1.trk;235;198;23;23
944;D:\DataSet_Laboratory\people2\1\siguientes500\2017-04-28_09-20-48~09-21-11_0.trk;224;21;4;4
945;D:\DataSet_Laboratory\people2\1\siguientes500\2017-04-28_09-21-33~09-22-02_0.trk;305;22;2;2
946;D:\DataSet_Laboratory\people2\1\siguientes500\2017-04-28_09-23-01~09-23-35_0.trk;130;40;5;5
947;D:\DataSet_Laboratory\people2\1\siguientes500\2017-04-28_09-28-58~09-29-27_0.trk;380;31;2;2
948;D:\DataSet_Laboratory\people2\1\siguientes500\2017-04-28_09-30-00~09-30-24_0.trk;245;30;2;2
949;D:\DataSet_Laboratory\people2\1\siguientes500\2017-04-28_09-37-17~09-37-43_0.trk;245;24;2;2
950;D:\DataSet_Laboratory\people2\1\siguientes500\2017-04-28_09-38-08~09-38-31_0.trk;224;25;4;4
951;D:\DataSet_Laboratory\people2\1\siguientes500\2017-04-28_09-39-09~09-39-35_0.trk;380;25;2;2
952;D:\DataSet_Laboratory\people2\1\siguientes500\2017-04-28_09-39-09~09-39-35_1.trk;89;21;4;4
953;D:\DataSet_Laboratory\people2\1\siguientes500\2017-04-28_09-49-41~09-49-59_0.trk;100;45;4;4
954;D:\DataSet_Laboratory\people2\1\siguientes500\2017-04-28_09-49-41~09-49-59_1.trk;208;72;5;19
955;D:\DataSet_Laboratory\people2\1\siguientes500\2017-04-28_09-50-00~09-50-13_0.trk;262;18;8;8
956;D:\DataSet_Laboratory\people2\1\siguientes500\2017-04-28_10-06-45~10-07-08_0.trk;119;12;15;7
957;D:\DataSet_Laboratory\people2\1\siguientes500\2017-04-28_10-13-57~10-14-28_0.trk;263;312;12;12
958;D:\DataSet_Laboratory\people2\1\siguientes500\2017-04-28_10-14-29~10-14-48_0.trk;187;224;8;8
959;D:\DataSet_Laboratory\people2\1\siguientes500\2017-04-28_10-14-48~10-15-01_0.trk;187;55;8;21
960;D:\DataSet_Laboratory\people2\1\siguientes500\2017-04-28_10-17-33~10-18-26_0.trk;225;104;6;23
961;D:\DataSet_Laboratory\people2\1\siguientes500\2017-04-28_10-17-33~10-18-26_1.trk;197;41;18;18
962;D:\DataSet_Laboratory\people2\1\siguientes500\2017-04-28_10-17-33~10-18-26_2.trk;173;58;5;5
963;D:\DataSet_Laboratory\people2\1\siguientes500\2017-04-28_10-18-26~10-18-56_0.trk;54;33;16;17
964;D:\DataSet_Laboratory\people2\1\siguientes500\2017-04-28_10-25-14~10-25-40_0.trk;100;33;15;15
965;D:\DataSet_Laboratory\people2\1\siguientes500\2017-04-28_10-25-14~10-25-40_1.trk;227;24;4;4
966;D:\DataSet_Laboratory\people2\1\siguientes500\2017-04-28_10-25-14~10-25-40_2.trk;74;21;4;4
967;D:\DataSet_Laboratory\people2\1\siguientes500\2017-04-28_10-26-10~10-26-29_0.trk;144;10;16;16
968;D:\DataSet_Laboratory\people2\1\siguientes500\2017-04-28_10-44-37~10-45-00_0.trk;35;33;12;12
969;D:\DataSet_Laboratory\people2\1\siguientes500\2017-04-28_10-44-37~10-45-00_1.trk;61;135;12;12
970;D:\DataSet_Laboratory\people2\1\siguientes500\2017-04-28_10-44-37~10-45-00_3.trk;83;13;12;12
971;D:\DataSet_Laboratory\people2\1\siguientes500\2017-04-28_10-54-08~10-54-31_0.trk;227;18;4;4
972;D:\DataSet_Laboratory\people2\1\siguientes500\2017-04-28_10-54-08~10-54-31_1.trk;99;20;4;4
973;D:\DataSet_Laboratory\people2\1\siguientes500\2017-04-28_11-00-40~11-01-14_0.trk;64;30;4;4
974;D:\DataSet_Laboratory\people2\1\siguientes500\2017-04-28_11-00-40~11-01-14_1.trk;121;105;3;25
975;D:\DataSet_Laboratory\people2\1\siguientes500\2017-04-28_11-00-40~11-01-14_2.trk;74;24;4;4
976;D:\DataSet_Laboratory\people2\1\siguientes500\2017-04-28_11-50-00~11-50-18_0.trk;209;19;4;4
977;D:\DataSet_Laboratory\people2\1\siguientes500\2017-04-28_11-56-32~11-57-06_0.trk;43;49;6;6
978;D:\DataSet_Laboratory\people2\1\siguientes500\2017-04-28_11-56-32~11-57-06_1.trk;307;24;2;2
979;D:\DataSet_Laboratory\people2\1\siguientes500\2017-04-28_12-15-36~12-16-13_0.trk;145;106;14;14
980;D:\DataSet_Laboratory\people2\1\siguientes500\2017-04-28_12-15-36~12-16-13_1.trk;210;86;14;14
981;D:\DataSet_Laboratory\people2\1\siguientes500\2017-04-28_12-15-36~12-16-13_2.trk;235;20;16;16
982;D:\DataSet_Laboratory\people2\1\siguientes500\2017-04-28_12-15-36~12-16-13_3.trk;247;10;15;15
983;D:\DataSet_Laboratory\people2\1\siguientes500\2017-04-28_12-17-22~12-17-45_0.trk;4;183;3;25
984;D:\DataSet_Laboratory\people2\1\siguientes500\2017-04-28_12-17-47~12-18-08_0.trk;175;29;3;4
985;D:\DataSet_Laboratory\people2\1\siguientes500\2017-04-28_12-22-59~12-23-25_0.trk;47;25;7;7
986;D:\DataSet_Laboratory\people2\1\siguientes500\2017-04-28_12-22-59~12-23-25_2.trk;81;38;5;5
987;D:\DataSet_Laboratory\people2\1\siguientes500\2017-04-28_12-24-11~12-24-37_0.trk;101;33;4;4
988;D:\DataSet_Laboratory\people2\1\siguientes500\2017-04-28_12-24-11~12-24-37_1.trk;95;39;4;4
989;D:\DataSet_Laboratory\people2\1\siguientes500\2017-04-28_12-24-40~12-25-01_0.trk;173;80;6;6
990;D:\DataSet_Laboratory\people2\1\siguientes500\2017-04-28_12-27-41~12-28-31_0.trk;175;28;4;4
991;D:\DataSet_Laboratory\people2\1\siguientes500\2017-04-28_12-27-41~12-28-31_1.trk;52;21;2;2
992;D:\DataSet_Laboratory\people2\1\siguientes500\2017-04-28_12-27-41~12-28-31_2.trk;230;55;3;3
993;D:\DataSet_Laboratory\people2\1\siguientes500\2017-04-28_12-27-41~12-28-31_3.trk;197;324;12;12
994;D:\DataSet_Laboratory\people2\1\siguientes500\2017-04-28_12-27-41~12-28-31_5.trk;190;17;28;28
995;D:\DataSet_Laboratory\people2\1\siguientes500\2017-04-28_12-28-53~12-29-24_0.trk;61;84;26;8
996;D:\DataSet_Laboratory\people2\1\siguientes500\2017-04-28_12-28-53~12-29-24_2.trk;175;24;4;4
997;D:\DataSet_Laboratory\people2\1\siguientes500\2017-04-28_12-35-20~12-35-43_0.trk;116;196;5;5
998;D:\DataSet_Laboratory\people2\1\siguientes500\2017-04-28_12-36-08~12-36-31_0.trk;110;288;19;14
999;D:\DataSet_Laboratory\people2\1\siguientes500\2017-04-28_12-36-35~12-36-58_0.trk;196;82;15;14
